Date,Client_ID,Product,Region,Quantity_Ordered,Lead_Time_Days,Transport_Cost,Unit_Price,Inventory_Level,Fuel_Price_Index,Inflation_Rate,Total_Cost
2022-01-02,Factory_E,Dye_Chemicals,Erode,1627,12,5078,455.74,2167,102.68,7.77,746566.98
2022-01-02,Factory_E,Fabric_Roll,Erode,156,8,5174,264.36,591,106.31,7.18,46414.16
2022-01-02,Factory_A,Fabric_Roll,Tiruppur,1329,12,8244,452.77,995,112.09,6.75,609975.33
2022-01-02,Factory_C,Dye_Chemicals,Coimbatore,1049,4,4001,318.06,2189,114.67,5.0,337645.94
2022-01-02,Retailer_X,Fabric_Roll,Erode,659,11,8769,376.57,1036,99.89,7.67,256928.63
2022-01-02,Factory_E,Polyester_Yarn,Karur,589,12,3657,392.12,1579,107.24,7.34,234615.68
2022-01-02,Retailer_Y,Fabric_Roll,Karur,462,2,3261,305.93,4218,83.19,6.39,144600.66
2022-01-02,Factory_B,Knitting_Machine,Tiruppur,462,11,6109,480.04,3141,87.34,4.19,227887.48
2022-01-02,Factory_B,Dye_Chemicals,Erode,1073,4,7772,258.31,1164,105.22,5.92,284938.63
2022-01-02,Factory_D,Knitting_Machine,Salem,584,14,3964,199.48,3263,92.5,7.29,120460.32
2022-01-09,Retailer_X,Knitting_Machine,Coimbatore,502,6,1692,254.98,3785,118.71,4.99,129691.96
2022-01-09,Factory_A,Polyester_Yarn,Karur,1515,6,9435,306.04,3742,90.91,6.61,473085.6
2022-01-09,Retailer_Y,Knitting_Machine,Coimbatore,1251,4,1325,271.45,2054,110.29,7.56,340908.95
2022-01-09,Retailer_Y,Knitting_Machine,Salem,1321,9,9671,302.39,1007,107.22,5.3,409128.19
2022-01-09,Factory_B,Knitting_Machine,Karur,1161,3,3181,234.56,2264,108.56,7.97,275505.16
2022-01-16,Factory_D,Fabric_Roll,Tiruppur,1061,9,6480,214.49,2096,110.79,4.19,234053.89
2022-01-16,Retailer_Y,Fabric_Roll,Salem,1305,4,5593,292.37,1724,93.66,7.91,387135.85
2022-01-16,Factory_C,Fabric_Roll,Erode,1163,2,2916,479.26,3784,81.85,5.67,560295.38
2022-01-16,Factory_B,Cotton_Yarn,Erode,1440,3,8389,469.14,2874,118.43,7.37,683950.6
2022-01-16,Factory_B,Knitting_Machine,Salem,877,14,3339,172.33,4991,116.85,6.92,154472.41
2022-01-16,Factory_D,Cotton_Yarn,Tiruppur,388,3,9557,468.09,2027,90.38,5.51,191175.92
2022-01-16,Factory_C,Dye_Chemicals,Karur,850,3,8951,194.14,2032,98.25,6.31,173970.0
2022-01-23,Factory_D,Knitting_Machine,Coimbatore,142,8,5932,264.76,1112,80.19,4.84,43527.92
2022-01-23,Retailer_X,Cotton_Yarn,Salem,868,6,3460,406.16,1145,102.42,7.14,356006.88
2022-01-23,Factory_C,Dye_Chemicals,Coimbatore,757,13,2990,358.72,980,117.24,4.43,274541.04
2022-01-23,Factory_A,Dye_Chemicals,Erode,1709,13,8264,269.78,1466,90.89,5.67,469318.02
2022-01-23,Factory_B,Knitting_Machine,Coimbatore,1360,5,2353,478.97,2720,109.24,4.5,653752.2
2022-01-23,Factory_E,Dye_Chemicals,Coimbatore,1877,10,9219,293.89,1514,94.94,4.96,560850.53
2022-01-30,Factory_D,Cotton_Yarn,Salem,1591,3,3511,457.79,3459,108.61,7.87,731854.89
2022-01-30,Retailer_Y,Cotton_Yarn,Karur,334,9,4084,162.03,2166,103.4,7.33,58202.02
2022-01-30,Factory_E,Knitting_Machine,Erode,474,13,1923,360.28,3680,93.95,7.65,172695.72
2022-01-30,Retailer_Y,Knitting_Machine,Salem,603,7,6266,336.66,4345,115.5,4.44,209271.98
2022-01-30,Factory_B,Cotton_Yarn,Coimbatore,1673,7,5734,153.02,1332,100.66,5.79,261736.46
2022-01-30,Factory_B,Fabric_Roll,Coimbatore,1267,2,1371,384.77,1946,114.35,7.2,488874.59
2022-01-30,Factory_D,Polyester_Yarn,Salem,1818,2,3120,483.29,3709,109.98,5.11,881741.22
2022-01-30,Retailer_X,Cotton_Yarn,Tiruppur,570,2,1300,367.89,1288,106.48,6.67,210997.3
2022-01-30,Retailer_Y,Knitting_Machine,Salem,906,12,1192,256.31,3417,94.97,4.27,233408.86
2022-01-30,Factory_B,Polyester_Yarn,Erode,990,5,8130,303.26,1721,91.7,7.66,308357.4
2022-02-06,Retailer_X,Cotton_Yarn,Tiruppur,486,6,7681,209.21,3692,85.71,5.01,109357.06
2022-02-06,Factory_D,Knitting_Machine,Tiruppur,1537,10,6583,357.79,556,108.27,4.79,556506.23
2022-02-06,Factory_A,Cotton_Yarn,Tiruppur,275,8,3395,311.12,1859,97.54,7.75,88953.0
2022-02-06,Retailer_X,Fabric_Roll,Tiruppur,1252,2,4129,428.29,3347,100.5,4.68,540348.08
2022-02-06,Retailer_X,Knitting_Machine,Erode,817,14,4662,414.83,1849,87.44,7.69,343578.11
2022-02-06,Retailer_X,Polyester_Yarn,Salem,260,4,2357,445.03,1373,108.45,5.84,118064.8
2022-02-13,Factory_C,Cotton_Yarn,Tiruppur,857,11,8601,442.01,1389,92.06,5.47,387403.57
2022-02-13,Factory_A,Fabric_Roll,Coimbatore,329,12,2301,287.81,4459,81.73,4.54,96990.49
2022-02-13,Factory_D,Knitting_Machine,Erode,1948,12,8970,477.66,4469,118.97,5.51,939451.68
2022-02-20,Factory_C,Knitting_Machine,Salem,1608,12,7080,386.0,3378,94.92,7.2,627768.0
2022-02-20,Factory_A,Dye_Chemicals,Tiruppur,411,2,1220,251.4,4238,103.05,4.44,104545.4
2022-02-20,Factory_E,Knitting_Machine,Erode,168,6,2342,204.08,1801,97.54,7.79,36627.44
2022-02-20,Factory_B,Fabric_Roll,Erode,1448,3,2335,314.16,3791,113.38,5.24,457238.68
2022-02-20,Factory_C,Fabric_Roll,Salem,416,8,5284,470.35,2702,108.23,4.07,200949.6
2022-02-20,Factory_B,Fabric_Roll,Coimbatore,980,3,6798,314.29,3322,115.65,5.22,314802.2
2022-02-20,Factory_C,Knitting_Machine,Coimbatore,1287,9,8116,406.61,4560,102.46,4.02,531423.07
2022-02-20,Factory_D,Polyester_Yarn,Karur,1062,8,6229,179.74,3013,86.36,7.91,197112.88
2022-02-20,Retailer_X,Dye_Chemicals,Salem,338,13,6269,242.81,3486,110.6,4.25,88338.78
2022-02-27,Factory_C,Knitting_Machine,Coimbatore,1459,9,4744,326.72,1811,96.87,4.51,481428.48
2022-02-27,Retailer_X,Fabric_Roll,Salem,1574,6,4237,355.95,4473,116.86,7.73,564502.3
2022-02-27,Factory_E,Cotton_Yarn,Erode,1537,5,3646,170.09,1055,92.51,7.64,265074.33
2022-02-27,Retailer_X,Knitting_Machine,Coimbatore,175,6,4841,413.13,893,100.77,5.9,77138.75
2022-02-27,Factory_C,Cotton_Yarn,Karur,1199,10,3253,321.43,1676,106.25,6.53,388647.57
2022-02-27,Factory_A,Cotton_Yarn,Salem,1141,14,1734,418.72,2463,85.14,5.43,479493.52
2022-03-06,Factory_C,Dye_Chemicals,Salem,1752,9,1382,461.79,528,112.53,7.06,810438.08
2022-03-06,Retailer_Y,Fabric_Roll,Erode,269,2,8433,156.88,1629,101.64,5.21,50633.72
2022-03-06,Retailer_Y,Polyester_Yarn,Coimbatore,187,4,3693,167.25,1243,105.71,6.08,34968.75
2022-03-06,Retailer_X,Cotton_Yarn,Erode,1891,7,9321,200.36,3564,102.55,5.92,388201.76
2022-03-13,Retailer_X,Knitting_Machine,Coimbatore,1418,4,6037,481.69,3833,119.78,4.96,689073.42
2022-03-13,Retailer_X,Dye_Chemicals,Karur,189,5,2797,455.34,1655,83.75,7.75,88856.26
2022-03-13,Retailer_X,Cotton_Yarn,Coimbatore,561,5,1912,322.33,2202,114.32,5.96,182739.13
2022-03-13,Factory_D,Polyester_Yarn,Coimbatore,932,10,8067,426.96,3056,84.73,4.25,405993.72
2022-03-13,Retailer_Y,Knitting_Machine,Tiruppur,1947,5,1446,235.11,4081,100.14,5.71,459205.17
2022-03-20,Factory_B,Polyester_Yarn,Salem,1218,11,4512,307.18,736,106.89,7.22,378657.24
2022-03-20,Factory_E,Knitting_Machine,Karur,341,8,6622,408.85,4570,106.74,7.72,146039.85
2022-03-20,Factory_E,Knitting_Machine,Karur,1063,10,2058,483.66,1097,96.11,6.17,516188.58
2022-03-20,Factory_B,Polyester_Yarn,Tiruppur,391,14,4199,450.51,4472,87.83,5.14,180348.41
2022-03-20,Factory_E,Polyester_Yarn,Karur,859,8,5443,494.63,4990,83.13,6.98,430330.17
2022-03-20,Factory_E,Knitting_Machine,Erode,906,13,2001,171.32,3674,80.54,7.34,157216.92
2022-03-20,Retailer_Y,Cotton_Yarn,Coimbatore,1827,5,3568,375.2,3741,113.63,5.95,689058.4
2022-03-20,Factory_E,Cotton_Yarn,Salem,394,6,7322,163.98,1466,119.85,6.97,71930.12
2022-03-27,Factory_D,Fabric_Roll,Erode,470,7,6966,232.26,4288,86.26,7.81,116128.2
2022-03-27,Factory_B,Polyester_Yarn,Karur,1775,10,8382,331.31,2029,106.97,4.64,596457.25
2022-03-27,Factory_A,Polyester_Yarn,Karur,196,7,7899,153.44,1474,119.4,7.05,37973.24
2022-03-27,Factory_A,Polyester_Yarn,Coimbatore,239,9,2466,345.73,1498,89.95,4.23,85095.47
2022-03-27,Factory_C,Cotton_Yarn,Karur,1603,9,8080,248.89,4167,109.37,6.73,407050.67
2022-03-27,Factory_A,Cotton_Yarn,Erode,589,11,6979,496.6,3583,113.02,6.74,299476.4
2022-04-03,Retailer_Y,Dye_Chemicals,Erode,1696,2,1996,296.62,3456,104.14,6.51,505063.52
2022-04-03,Factory_D,Fabric_Roll,Coimbatore,1643,3,2910,303.22,1588,85.15,6.02,501100.46
2022-04-03,Factory_C,Cotton_Yarn,Karur,660,8,7010,360.86,932,101.98,5.26,245177.6
2022-04-03,Retailer_Y,Cotton_Yarn,Karur,213,3,1495,312.38,4378,116.95,6.14,68031.94
2022-04-03,Retailer_Y,Fabric_Roll,Coimbatore,1805,8,2317,187.46,4188,101.09,7.58,340682.3
2022-04-03,Factory_D,Polyester_Yarn,Tiruppur,338,6,7221,437.64,2151,98.35,6.54,155143.32
2022-04-03,Retailer_Y,Cotton_Yarn,Coimbatore,925,12,8754,267.71,4939,85.88,7.97,256385.75
2022-04-10,Factory_C,Knitting_Machine,Karur,1541,14,3364,336.36,1509,82.79,6.68,521694.76
2022-04-10,Factory_D,Fabric_Roll,Salem,793,13,8328,426.53,798,112.54,6.62,346566.29
2022-04-10,Retailer_Y,Dye_Chemicals,Salem,1673,2,5270,240.17,3280,101.86,7.9,407074.41
2022-04-10,Factory_E,Cotton_Yarn,Tiruppur,852,3,3669,421.88,1814,117.47,6.93,363110.76
2022-04-10,Factory_A,Polyester_Yarn,Coimbatore,773,7,5042,343.49,2288,111.62,5.38,270559.77
2022-04-10,Factory_B,Polyester_Yarn,Tiruppur,694,9,5875,318.71,3608,98.23,5.04,227059.74
2022-04-10,Retailer_Y,Knitting_Machine,Karur,749,7,1060,469.27,1809,107.42,5.63,352543.23
2022-04-10,Factory_A,Cotton_Yarn,Karur,1291,9,8493,176.21,4324,100.36,7.05,235980.11
2022-04-10,Factory_C,Fabric_Roll,Coimbatore,794,3,4426,177.52,1292,89.57,6.67,145376.88
2022-04-17,Factory_B,Knitting_Machine,Coimbatore,220,6,8080,305.65,2632,106.8,4.5,75323.0
2022-04-17,Factory_E,Polyester_Yarn,Tiruppur,955,5,4797,439.24,4363,104.44,7.04,424271.2
2022-04-17,Factory_C,Polyester_Yarn,Salem,1672,10,2181,280.22,1373,82.87,6.6,470708.84
2022-04-24,Factory_C,Polyester_Yarn,Karur,1027,11,1924,319.83,3610,82.8,5.92,330389.41
2022-04-24,Factory_A,Knitting_Machine,Coimbatore,1164,4,7256,267.54,1248,116.58,4.08,318672.56
2022-04-24,Factory_C,Polyester_Yarn,Coimbatore,557,12,4188,434.6,4188,80.55,5.92,246260.2
2022-04-24,Retailer_Y,Polyester_Yarn,Tiruppur,1129,3,1515,256.43,3734,108.24,6.11,291024.47
2022-04-24,Factory_D,Polyester_Yarn,Erode,1459,11,6823,401.79,4024,102.77,6.0,593034.61
2022-04-24,Factory_D,Polyester_Yarn,Karur,1602,2,2128,376.07,900,109.33,4.81,604592.14
2022-05-01,Factory_A,Fabric_Roll,Coimbatore,1729,6,1178,238.49,3975,105.61,5.22,413527.21
2022-05-01,Factory_B,Fabric_Roll,Karur,1250,10,7019,313.7,4345,118.48,7.93,399144.0
2022-05-01,Factory_C,Knitting_Machine,Erode,344,5,1371,357.1,1027,114.64,5.74,124213.4
2022-05-08,Factory_A,Knitting_Machine,Coimbatore,1001,14,5321,370.51,1605,105.59,7.6,376201.51
2022-05-08,Factory_B,Knitting_Machine,Coimbatore,1663,10,5479,334.87,2862,87.72,4.66,562367.81
2022-05-08,Factory_C,Cotton_Yarn,Salem,346,6,5312,453.8,766,87.52,6.52,162326.8
2022-05-08,Factory_B,Fabric_Roll,Salem,1492,13,6730,423.62,2765,117.18,4.82,638771.04
2022-05-08,Factory_E,Knitting_Machine,Coimbatore,729,12,8987,228.81,4227,86.17,6.6,175789.49
2022-05-15,Factory_B,Cotton_Yarn,Coimbatore,1340,4,9861,296.08,1886,82.19,7.29,406608.2
2022-05-15,Factory_E,Dye_Chemicals,Tiruppur,240,9,2462,442.73,4644,86.73,5.24,108717.2
2022-05-15,Factory_C,Polyester_Yarn,Karur,836,3,4261,352.49,651,91.73,7.08,298942.64
2022-05-22,Retailer_X,Polyester_Yarn,Coimbatore,1202,12,1171,394.01,2600,102.17,6.24,474771.02
2022-05-22,Factory_D,Polyester_Yarn,Tiruppur,1130,14,9456,217.44,2913,92.25,4.97,255163.2
2022-05-22,Retailer_X,Cotton_Yarn,Erode,1852,7,5769,300.62,1728,99.31,5.93,562517.24
2022-05-22,Factory_A,Fabric_Roll,Karur,1953,2,5565,215.91,2598,112.42,7.71,427237.23
2022-05-22,Factory_B,Knitting_Machine,Karur,967,13,2067,435.58,1169,102.22,7.53,423272.86
2022-05-22,Retailer_Y,Cotton_Yarn,Karur,1463,4,8940,472.91,3661,83.95,6.57,700807.33
2022-05-22,Factory_B,Polyester_Yarn,Salem,1501,2,6874,334.66,1227,110.61,4.18,509198.66
2022-05-22,Retailer_X,Dye_Chemicals,Erode,1937,6,9536,173.81,3408,113.19,4.5,346205.97
2022-05-29,Retailer_Y,Polyester_Yarn,Coimbatore,191,13,1490,310.27,4835,97.26,4.13,60751.57
2022-05-29,Factory_E,Knitting_Machine,Erode,1623,8,9243,186.63,3764,92.18,4.01,312143.49
2022-05-29,Factory_B,Cotton_Yarn,Coimbatore,513,3,4096,169.11,2118,102.87,4.14,90849.43
2022-05-29,Factory_A,Polyester_Yarn,Coimbatore,608,5,3014,168.49,3743,90.96,5.17,105455.92
2022-06-05,Factory_C,Fabric_Roll,Salem,1778,13,4276,483.29,1598,85.41,5.76,863565.62
2022-06-05,Retailer_Y,Knitting_Machine,Tiruppur,921,4,3387,168.08,722,82.57,4.37,158188.68
2022-06-05,Factory_E,Fabric_Roll,Tiruppur,980,9,9465,293.21,723,83.04,7.33,296810.8
2022-06-05,Factory_B,Dye_Chemicals,Coimbatore,528,9,9033,169.95,2127,99.53,4.59,98766.6
2022-06-05,Factory_E,Knitting_Machine,Coimbatore,782,13,8853,383.24,2646,114.23,6.0,308546.68
2022-06-05,Retailer_Y,Dye_Chemicals,Coimbatore,1973,9,7453,233.4,1297,117.0,5.31,467951.2
2022-06-12,Retailer_X,Dye_Chemicals,Erode,469,5,3670,183.84,712,110.25,4.43,89890.96
2022-06-12,Factory_E,Dye_Chemicals,Karur,1205,14,2211,277.19,4966,95.52,4.95,336224.95
2022-06-12,Factory_D,Dye_Chemicals,Erode,1508,13,2985,351.79,3168,82.88,6.34,533484.32
2022-06-12,Factory_D,Knitting_Machine,Karur,478,9,7477,416.66,3938,85.39,4.01,206640.48
2022-06-12,Factory_D,Fabric_Roll,Tiruppur,1024,5,3240,331.3,1795,115.5,7.31,342491.2
2022-06-19,Factory_B,Dye_Chemicals,Karur,1532,11,1498,379.8,1304,112.99,7.19,583351.6
2022-06-19,Factory_D,Dye_Chemicals,Salem,1301,5,4398,201.13,810,84.41,7.59,266068.13
2022-06-19,Factory_D,Cotton_Yarn,Salem,1532,13,1556,362.06,4190,106.1,4.79,556231.92
2022-06-19,Factory_D,Dye_Chemicals,Karur,752,3,2140,231.5,1475,111.12,6.35,176228.0
2022-06-19,Factory_B,Cotton_Yarn,Salem,957,3,8329,378.3,3211,114.0,5.94,370362.1
2022-06-26,Retailer_X,Fabric_Roll,Karur,319,11,4440,338.05,4779,113.62,6.29,112277.95
2022-06-26,Factory_C,Knitting_Machine,Erode,1216,7,2340,217.37,4537,118.11,4.09,266661.92
2022-06-26,Factory_C,Fabric_Roll,Tiruppur,957,11,7568,497.07,4793,109.18,7.94,483263.99
2022-06-26,Factory_A,Dye_Chemicals,Coimbatore,1089,9,9081,197.51,1939,117.37,6.0,224169.39
2022-06-26,Factory_A,Polyester_Yarn,Salem,138,2,4440,308.49,3441,115.46,5.4,47011.62
2022-06-26,Retailer_X,Cotton_Yarn,Salem,1714,5,7413,435.62,4787,97.49,6.87,754065.68
2022-06-26,Factory_B,Knitting_Machine,Coimbatore,1100,10,5825,464.14,3255,113.7,4.5,516379.0
2022-07-03,Factory_C,Cotton_Yarn,Coimbatore,524,9,4569,416.01,4550,91.05,7.71,222558.24
2022-07-03,Factory_E,Dye_Chemicals,Salem,820,11,5588,310.43,3689,98.76,7.39,260140.6
2022-07-03,Factory_B,Knitting_Machine,Karur,557,3,7048,180.6,1882,114.66,6.05,107642.2
2022-07-03,Retailer_X,Dye_Chemicals,Karur,400,14,9415,450.25,1418,100.23,7.13,189515.0
2022-07-03,Factory_B,Fabric_Roll,Salem,1191,3,9411,256.72,2224,83.09,5.46,315164.52
2022-07-03,Retailer_X,Dye_Chemicals,Coimbatore,658,11,4637,195.95,558,80.12,7.29,133572.1
2022-07-03,Factory_C,Polyester_Yarn,Coimbatore,1907,11,3799,370.77,837,115.85,7.84,710857.39
2022-07-10,Factory_A,Fabric_Roll,Karur,217,13,2893,389.09,2149,82.93,5.09,87325.53
2022-07-10,Retailer_X,Polyester_Yarn,Salem,1581,14,9362,241.84,2773,95.16,5.64,391711.04
2022-07-10,Factory_A,Knitting_Machine,Coimbatore,1287,6,8620,423.02,2605,91.22,7.58,553046.74
2022-07-10,Factory_B,Knitting_Machine,Karur,1568,2,5493,423.24,1099,115.45,6.17,669133.32
2022-07-10,Factory_C,Fabric_Roll,Tiruppur,916,13,3330,490.4,4939,80.8,4.21,452536.4
2022-07-10,Retailer_Y,Knitting_Machine,Tiruppur,987,9,9106,476.4,4190,115.77,6.89,479312.8
2022-07-10,Retailer_Y,Fabric_Roll,Salem,1220,7,1375,155.61,4098,104.27,5.6,191219.2
2022-07-10,Retailer_Y,Dye_Chemicals,Karur,570,8,4676,348.89,1343,91.92,6.76,203543.3
2022-07-10,Retailer_X,Cotton_Yarn,Erode,494,13,3895,402.37,4363,80.8,7.07,202665.78
2022-07-17,Retailer_Y,Polyester_Yarn,Salem,515,3,1731,373.64,3566,100.53,7.4,194155.6
2022-07-17,Retailer_X,Cotton_Yarn,Coimbatore,742,13,6190,202.28,2524,95.55,4.68,156281.76
2022-07-17,Factory_B,Polyester_Yarn,Coimbatore,743,12,8299,200.48,3940,91.71,7.17,157255.64
2022-07-17,Factory_E,Fabric_Roll,Coimbatore,430,11,2243,270.15,4370,84.05,4.37,118407.5
2022-07-17,Factory_D,Cotton_Yarn,Karur,1262,4,6014,236.67,1504,115.24,6.89,304691.54
2022-07-17,Retailer_X,Fabric_Roll,Coimbatore,1718,11,8036,226.16,4120,89.3,4.74,396578.88
2022-07-24,Retailer_X,Dye_Chemicals,Erode,1955,6,3925,211.56,2688,102.95,5.03,417524.8
2022-07-24,Factory_A,Polyester_Yarn,Salem,236,9,1478,418.19,4711,108.67,5.88,100170.84
2022-07-24,Retailer_X,Cotton_Yarn,Salem,916,12,5524,195.17,1813,106.23,6.69,184299.72
2022-07-24,Factory_A,Cotton_Yarn,Karur,893,14,2412,310.76,1520,115.35,7.74,279920.68
2022-07-24,Factory_A,Cotton_Yarn,Coimbatore,422,11,3659,485.29,1602,101.23,4.67,208451.38
2022-07-24,Retailer_Y,Dye_Chemicals,Tiruppur,1091,13,1556,470.19,2306,109.98,5.36,514533.29
2022-07-24,Factory_A,Knitting_Machine,Tiruppur,149,8,1599,418.22,4866,114.35,6.36,63913.78
2022-07-31,Factory_B,Fabric_Roll,Karur,1241,3,5275,389.55,3497,114.85,6.24,488706.55
2022-07-31,Factory_E,Polyester_Yarn,Erode,1463,14,5943,192.13,604,98.48,5.5,287029.19
2022-08-07,Factory_A,Knitting_Machine,Coimbatore,483,8,4998,159.31,4935,108.94,6.79,81944.73
2022-08-07,Retailer_X,Cotton_Yarn,Karur,1664,12,5626,331.05,4222,117.36,5.43,556493.2
2022-08-07,Factory_A,Dye_Chemicals,Karur,1014,12,2016,301.49,1237,99.42,5.36,307726.86
2022-08-07,Factory_C,Dye_Chemicals,Erode,1062,4,6089,480.65,1659,111.27,5.47,516539.3
2022-08-14,Factory_A,Polyester_Yarn,Tiruppur,365,12,6606,285.12,4082,110.09,6.08,110674.8
2022-08-14,Retailer_X,Knitting_Machine,Karur,815,13,8954,191.29,4698,105.71,4.08,164855.35
2022-08-14,Factory_E,Dye_Chemicals,Tiruppur,1904,11,7604,185.05,605,86.9,8.0,359939.2
2022-08-14,Factory_C,Fabric_Roll,Erode,959,5,2677,172.43,1894,90.56,7.44,168037.37
2022-08-14,Retailer_Y,Cotton_Yarn,Coimbatore,1696,9,6254,245.72,4494,118.47,5.75,422995.12
2022-08-14,Factory_B,Cotton_Yarn,Coimbatore,1314,14,8011,495.8,4031,99.25,4.15,659492.2
2022-08-14,Retailer_Y,Cotton_Yarn,Erode,1945,12,6565,235.63,3487,86.81,7.76,464865.35
2022-08-14,Factory_B,Polyester_Yarn,Karur,551,7,2499,352.16,1644,100.35,6.46,196539.16
2022-08-14,Retailer_Y,Fabric_Roll,Karur,1685,2,2212,248.45,3701,82.81,5.84,420850.25
2022-08-14,Factory_B,Fabric_Roll,Tiruppur,1913,8,2473,221.4,4306,110.97,7.5,426011.2
2022-08-21,Retailer_Y,Dye_Chemicals,Tiruppur,1929,9,2104,499.77,2447,113.43,6.62,966160.33
2022-08-21,Retailer_X,Dye_Chemicals,Erode,670,13,8465,208.4,2087,115.24,5.95,148093.0
2022-08-21,Factory_E,Dye_Chemicals,Salem,222,13,5180,488.44,521,81.94,6.42,113613.68
2022-08-21,Factory_C,Knitting_Machine,Karur,1982,2,3365,389.2,3912,104.89,4.7,774759.4
2022-08-21,Factory_E,Dye_Chemicals,Coimbatore,1330,4,8966,260.47,3847,106.13,7.82,355391.1
2022-08-21,Factory_A,Polyester_Yarn,Salem,659,11,4775,407.33,1575,90.96,6.12,273205.47
2022-08-28,Factory_E,Polyester_Yarn,Coimbatore,145,10,4854,270.06,733,91.51,6.71,44012.7
2022-08-28,Retailer_X,Polyester_Yarn,Karur,1597,13,3237,302.69,2273,82.14,4.15,486632.93
2022-08-28,Factory_A,Cotton_Yarn,Tiruppur,1479,9,2552,267.39,3447,105.22,4.44,398021.81
2022-08-28,Factory_C,Dye_Chemicals,Tiruppur,412,7,4823,418.31,3991,112.19,5.19,177166.72
2022-08-28,Factory_D,Polyester_Yarn,Coimbatore,1660,4,7004,260.48,3074,82.17,5.96,439400.8
2022-08-28,Retailer_Y,Knitting_Machine,Erode,598,11,3415,498.48,2043,117.45,5.01,301506.04
2022-08-28,Retailer_X,Fabric_Roll,Tiruppur,239,7,3476,367.08,2884,106.46,6.82,91208.12
2022-09-04,Factory_E,Fabric_Roll,Salem,956,7,6680,319.36,2992,107.21,4.33,311988.16
2022-09-04,Factory_A,Dye_Chemicals,Karur,439,5,8798,475.07,645,115.9,7.65,217353.73
2022-09-04,Factory_C,Cotton_Yarn,Erode,1836,2,4389,200.93,3679,114.56,7.55,373296.48
2022-09-04,Factory_A,Dye_Chemicals,Coimbatore,1406,6,6696,448.22,4067,107.04,6.7,636893.32
2022-09-04,Retailer_X,Knitting_Machine,Karur,1671,8,8237,450.41,3903,104.78,6.92,760872.11
2022-09-04,Factory_A,Cotton_Yarn,Erode,903,4,3601,207.27,3894,93.89,6.55,190765.81
2022-09-04,Factory_C,Dye_Chemicals,Karur,1698,7,6649,169.24,3489,116.6,5.62,294018.52
2022-09-11,Factory_E,Dye_Chemicals,Coimbatore,1957,7,1441,289.99,2821,87.65,7.82,568951.43
2022-09-11,Retailer_Y,Knitting_Machine,Erode,1182,13,2996,154.65,3003,103.99,6.55,185792.3
2022-09-11,Factory_B,Knitting_Machine,Karur,176,5,7175,327.12,1925,98.51,6.63,64748.12
2022-09-11,Factory_C,Fabric_Roll,Tiruppur,941,10,6515,167.56,783,85.28,7.22,164188.96
2022-09-11,Retailer_X,Knitting_Machine,Erode,413,6,3598,259.49,4991,105.83,7.85,110767.37
2022-09-11,Factory_B,Dye_Chemicals,Salem,1499,9,3035,187.32,3181,98.9,5.93,283827.68
2022-09-18,Factory_E,Knitting_Machine,Salem,124,2,7646,490.15,1763,81.86,6.2,68424.6
2022-09-18,Factory_A,Dye_Chemicals,Tiruppur,1798,5,5704,369.81,2607,112.61,4.79,670622.38
2022-09-18,Factory_D,Polyester_Yarn,Tiruppur,320,5,2449,447.8,2255,84.21,7.88,145745.0
2022-09-18,Factory_D,Knitting_Machine,Karur,780,10,6867,386.82,1020,93.51,4.04,308586.6
2022-09-18,Factory_E,Fabric_Roll,Salem,1686,4,3349,389.65,542,103.47,4.35,660298.9
2022-09-18,Factory_B,Polyester_Yarn,Tiruppur,288,13,7031,388.09,3901,97.47,6.14,118800.92
2022-09-18,Factory_D,Cotton_Yarn,Salem,203,7,3600,262.01,2496,108.3,4.85,56788.03
2022-09-18,Factory_E,Knitting_Machine,Coimbatore,833,12,7362,173.55,3653,84.8,7.71,151929.15
2022-09-18,Factory_E,Polyester_Yarn,Tiruppur,1106,9,5218,401.74,1050,105.15,7.04,449542.44
2022-09-18,Factory_B,Dye_Chemicals,Tiruppur,1383,10,2480,447.55,4547,113.46,4.58,621441.65
2022-09-25,Retailer_X,Knitting_Machine,Karur,1682,2,2515,439.87,1337,106.13,7.63,742376.34
2022-09-25,Factory_A,Knitting_Machine,Tiruppur,1803,2,3999,328.14,2323,112.39,4.92,595635.42
2022-09-25,Factory_B,Fabric_Roll,Coimbatore,310,13,4767,401.15,3591,95.25,7.01,129123.5
2022-09-25,Factory_A,Dye_Chemicals,Tiruppur,265,10,8354,430.64,2769,103.61,6.12,122473.6
2022-09-25,Factory_E,Knitting_Machine,Salem,633,11,5435,386.33,1104,95.37,4.38,249981.89
2022-09-25,Factory_B,Fabric_Roll,Salem,355,11,5530,334.13,4879,102.19,7.59,124146.15
2022-09-25,Factory_C,Polyester_Yarn,Coimbatore,503,5,1272,223.18,2226,107.53,7.22,113531.54
2022-09-25,Factory_B,Polyester_Yarn,Karur,636,13,1154,474.3,3168,90.54,7.86,302808.8
2022-09-25,Factory_B,Knitting_Machine,Karur,1330,12,1585,240.0,3863,115.62,7.84,320785.0
2022-09-25,Factory_E,Cotton_Yarn,Coimbatore,1168,13,8675,240.34,1857,80.97,5.17,289392.12
2022-10-02,Factory_A,Fabric_Roll,Tiruppur,1992,4,9997,353.27,2547,113.79,4.25,713710.84
2022-10-02,Factory_E,Cotton_Yarn,Coimbatore,1279,6,5575,376.89,829,96.64,7.27,487617.31
2022-10-02,Factory_A,Dye_Chemicals,Tiruppur,800,9,3575,409.23,4817,89.72,4.69,330959.0
2022-10-02,Retailer_Y,Dye_Chemicals,Tiruppur,607,10,2738,320.06,2071,119.3,6.36,197014.42
2022-10-02,Factory_E,Fabric_Roll,Karur,237,11,7250,207.6,1039,107.16,4.45,56451.2
2022-10-09,Factory_C,Cotton_Yarn,Salem,920,4,1463,317.25,1919,107.95,6.89,293333.0
2022-10-09,Factory_A,Polyester_Yarn,Karur,988,10,9320,319.22,2545,91.71,8.0,324709.36
2022-10-09,Factory_A,Cotton_Yarn,Salem,1678,14,7828,445.4,3360,86.7,5.41,755209.2
2022-10-09,Factory_A,Knitting_Machine,Tiruppur,1307,13,8727,210.34,2986,109.87,7.73,283641.38
2022-10-16,Factory_E,Dye_Chemicals,Erode,1370,13,1198,196.65,1816,108.87,7.82,270608.5
2022-10-16,Factory_A,Polyester_Yarn,Karur,1093,9,9857,462.36,1389,113.78,4.62,515216.48
2022-10-16,Factory_D,Polyester_Yarn,Coimbatore,1345,2,1437,470.54,3758,118.97,6.18,634313.3
2022-10-16,Factory_D,Fabric_Roll,Coimbatore,808,6,8543,306.41,2375,95.98,4.06,256122.28
2022-10-16,Retailer_X,Cotton_Yarn,Erode,1333,13,7582,248.67,636,112.83,6.82,339059.11
2022-10-16,Factory_B,Polyester_Yarn,Erode,768,13,4715,264.18,3403,110.24,4.92,207605.24
2022-10-23,Factory_E,Dye_Chemicals,Coimbatore,1616,12,6831,486.72,1009,110.3,4.48,793370.52
2022-10-23,Retailer_Y,Dye_Chemicals,Salem,1185,7,7001,306.79,4268,88.95,5.07,370547.15
2022-10-23,Factory_D,Dye_Chemicals,Karur,1305,5,9747,467.72,2403,89.14,4.74,620121.6
2022-10-23,Factory_C,Cotton_Yarn,Coimbatore,402,3,6650,445.33,1632,92.83,4.24,185672.66
2022-10-30,Factory_C,Cotton_Yarn,Tiruppur,1156,11,6540,194.14,3701,109.6,5.0,230965.84
2022-10-30,Retailer_Y,Polyester_Yarn,Karur,1719,4,7079,311.12,2202,114.71,4.42,541894.28
2022-10-30,Factory_A,Dye_Chemicals,Tiruppur,429,14,7691,499.19,2035,111.01,6.99,221843.51
2022-10-30,Factory_E,Polyester_Yarn,Salem,613,14,5011,369.36,3503,87.59,5.92,231428.68
2022-10-30,Factory_D,Fabric_Roll,Coimbatore,1640,3,2203,301.22,2761,91.18,7.33,496203.8
2022-10-30,Factory_A,Cotton_Yarn,Karur,177,3,9832,316.17,1341,115.29,7.88,65794.09
2022-11-06,Retailer_Y,Polyester_Yarn,Coimbatore,668,10,5362,281.95,2136,80.84,5.61,193704.6
2022-11-06,Factory_C,Fabric_Roll,Coimbatore,1031,9,1893,207.17,4485,92.19,7.05,215485.27
2022-11-06,Factory_C,Fabric_Roll,Salem,1215,14,4199,437.51,3717,104.1,5.48,535773.65
2022-11-06,Factory_E,Fabric_Roll,Tiruppur,438,9,5103,187.16,2568,92.76,6.35,87079.08
2022-11-13,Retailer_Y,Polyester_Yarn,Salem,153,7,1588,248.64,4578,116.2,6.48,39629.92
2022-11-13,Factory_C,Knitting_Machine,Erode,1923,13,3170,212.71,2666,114.58,5.97,412211.33
2022-11-13,Factory_A,Fabric_Roll,Coimbatore,1252,2,7115,219.68,1575,112.54,4.84,282154.36
2022-11-13,Factory_C,Dye_Chemicals,Tiruppur,270,4,6417,243.85,1882,83.8,5.57,72256.5
2022-11-13,Factory_E,Dye_Chemicals,Salem,1849,13,7273,338.15,1180,106.46,6.43,632512.35
2022-11-13,Factory_D,Polyester_Yarn,Coimbatore,1664,10,2867,184.16,1050,110.86,4.32,309309.24
2022-11-20,Factory_D,Dye_Chemicals,Salem,1278,14,3713,201.31,2694,96.21,6.33,260987.18
2022-11-20,Factory_A,Knitting_Machine,Salem,1822,14,8376,155.84,2027,84.39,6.91,292316.48
2022-11-20,Factory_A,Dye_Chemicals,Tiruppur,1330,11,7120,359.19,2743,89.98,4.14,484842.7
2022-11-20,Factory_B,Knitting_Machine,Salem,1697,7,4830,390.34,3557,84.51,5.72,667236.98
2022-11-20,Factory_D,Cotton_Yarn,Salem,376,9,6694,279.05,1877,116.23,5.17,111616.8
2022-11-20,Retailer_Y,Fabric_Roll,Salem,784,8,1596,352.56,1165,96.72,7.44,278003.04
2022-11-20,Factory_B,Polyester_Yarn,Erode,715,9,7447,167.45,2234,102.84,7.98,127173.75
2022-11-20,Factory_D,Cotton_Yarn,Coimbatore,1024,11,5631,386.99,1212,98.92,7.61,401908.76
2022-11-20,Factory_B,Cotton_Yarn,Erode,1308,9,5908,463.44,3211,112.99,7.19,612087.52
2022-11-20,Factory_C,Cotton_Yarn,Karur,1029,13,5994,491.46,3336,87.8,5.11,511706.34
2022-11-20,Factory_D,Fabric_Roll,Coimbatore,1101,14,1913,247.7,2272,110.14,6.17,274630.7
2022-11-20,Factory_A,Cotton_Yarn,Salem,702,7,7869,361.14,4093,118.72,4.02,261389.28
2022-11-27,Factory_D,Dye_Chemicals,Salem,1393,3,2367,154.2,944,118.93,6.65,217167.6
2022-11-27,Factory_C,Dye_Chemicals,Erode,998,4,7429,461.84,770,87.58,4.41,468345.32
2022-11-27,Factory_D,Polyester_Yarn,Erode,519,5,5758,349.22,4141,85.05,7.26,187003.18
2022-11-27,Retailer_X,Cotton_Yarn,Coimbatore,527,5,3158,349.82,3753,108.84,7.02,187513.14
2022-11-27,Factory_B,Dye_Chemicals,Tiruppur,1606,5,7396,208.81,3595,119.93,7.05,342744.86
2022-11-27,Factory_E,Polyester_Yarn,Erode,1017,11,5677,203.11,2927,101.12,4.79,212239.87
2022-11-27,Factory_C,Fabric_Roll,Karur,1438,14,9465,179.13,4215,101.09,5.9,267053.94
2022-11-27,Factory_D,Polyester_Yarn,Karur,1543,9,4124,208.16,709,100.34,6.0,325314.88
2022-12-04,Retailer_Y,Cotton_Yarn,Tiruppur,1773,13,5041,338.14,2855,90.21,4.67,604563.22
2022-12-04,Factory_E,Fabric_Roll,Tiruppur,717,5,9134,495.84,1292,109.48,6.29,364651.28
2022-12-04,Factory_A,Fabric_Roll,Tiruppur,1523,3,4201,240.41,3247,102.6,5.45,370345.43
2022-12-04,Factory_B,Cotton_Yarn,Karur,192,7,6308,172.85,792,115.7,7.59,39495.2
2022-12-04,Factory_B,Cotton_Yarn,Tiruppur,412,12,8148,192.46,3237,95.09,4.35,87441.52
2022-12-11,Factory_A,Polyester_Yarn,Salem,856,14,1305,485.61,2634,88.98,6.33,416987.16
2022-12-11,Factory_B,Polyester_Yarn,Karur,734,14,6953,250.15,1019,102.91,7.84,190563.1
2022-12-11,Retailer_Y,Polyester_Yarn,Tiruppur,1995,6,3681,386.67,2377,81.47,4.71,775087.65
2022-12-11,Factory_A,Knitting_Machine,Karur,1223,2,1935,303.2,1428,81.97,4.45,372748.6
2022-12-18,Retailer_X,Knitting_Machine,Erode,1572,14,6982,251.81,1334,105.04,4.46,402827.32
2022-12-18,Retailer_Y,Dye_Chemicals,Coimbatore,862,12,4629,347.55,2050,82.33,6.93,304217.1
2022-12-18,Factory_C,Fabric_Roll,Karur,1491,2,1145,386.89,4236,119.9,6.62,577997.99
2022-12-18,Retailer_Y,Polyester_Yarn,Karur,1714,7,1746,414.76,3800,119.87,5.08,712644.64
2022-12-18,Factory_E,Fabric_Roll,Tiruppur,265,14,9167,319.85,2228,88.97,7.66,93927.25
2022-12-18,Retailer_X,Dye_Chemicals,Karur,681,9,5651,489.44,3901,106.89,5.79,338959.64
2022-12-18,Factory_D,Fabric_Roll,Salem,1437,9,9514,349.8,1742,84.3,6.75,512176.6
2022-12-18,Retailer_X,Fabric_Roll,Erode,158,5,7240,323.03,4972,81.14,5.68,58278.74
2022-12-18,Retailer_X,Knitting_Machine,Karur,1355,9,8265,272.37,4734,118.36,6.65,377326.35
2022-12-25,Retailer_Y,Knitting_Machine,Tiruppur,1600,8,9989,201.79,4054,117.31,4.41,332853.0
2022-12-25,Factory_A,Knitting_Machine,Tiruppur,1817,11,8445,208.28,4549,101.7,5.43,386889.76
2022-12-25,Retailer_X,Fabric_Roll,Erode,1915,8,2436,491.82,2372,91.91,7.57,944271.3
2022-12-25,Retailer_X,Fabric_Roll,Karur,924,9,7915,316.05,1103,91.93,6.15,299945.2
2022-12-25,Retailer_Y,Knitting_Machine,Karur,1247,2,3949,319.97,4038,94.75,7.96,402951.59
2022-12-25,Factory_C,Fabric_Roll,Karur,790,12,7219,393.24,732,104.0,6.92,317878.6
2023-01-01,Factory_C,Dye_Chemicals,Tiruppur,208,6,1864,267.05,2604,91.27,6.51,57410.4
2023-01-01,Factory_C,Fabric_Roll,Karur,1693,5,6615,196.79,1783,91.35,5.73,339780.47
2023-01-01,Factory_E,Dye_Chemicals,Tiruppur,1546,5,1662,383.42,711,99.26,5.63,594429.32
2023-01-01,Retailer_Y,Dye_Chemicals,Tiruppur,1566,7,2784,498.4,904,82.93,5.25,783278.4
2023-01-01,Factory_E,Knitting_Machine,Erode,1358,4,5897,414.19,2375,91.92,5.12,568367.02
2023-01-01,Factory_D,Dye_Chemicals,Erode,1788,11,5368,211.17,3256,98.15,5.36,382939.96
2023-01-01,Retailer_X,Fabric_Roll,Coimbatore,1438,6,2986,490.36,1530,98.73,7.14,708123.68
2023-01-01,Factory_D,Dye_Chemicals,Tiruppur,1681,9,8465,258.58,3763,103.19,7.32,443137.98
2023-01-01,Retailer_X,Knitting_Machine,Salem,1906,12,1983,355.73,3002,93.51,5.66,680004.38
2023-01-08,Factory_A,Fabric_Roll,Erode,1458,8,7768,486.96,4343,113.07,7.82,717755.68
2023-01-08,Factory_D,Polyester_Yarn,Salem,738,7,5683,307.48,2324,102.78,7.05,232603.24
2023-01-08,Factory_E,Dye_Chemicals,Karur,694,9,9462,309.91,3483,99.15,7.36,224539.54
2023-01-08,Retailer_X,Fabric_Roll,Tiruppur,468,3,4861,472.93,4921,103.72,6.25,226192.24
2023-01-08,Factory_E,Dye_Chemicals,Coimbatore,344,8,5661,377.57,733,91.63,6.96,135545.08
2023-01-08,Retailer_Y,Cotton_Yarn,Erode,466,2,9022,299.92,3792,98.24,4.54,148784.72
2023-01-08,Factory_E,Dye_Chemicals,Tiruppur,1697,4,7360,459.83,1609,115.51,5.43,787691.51
2023-01-08,Factory_E,Dye_Chemicals,Erode,1406,5,8933,395.38,4367,84.2,7.15,564837.28
2023-01-08,Factory_B,Fabric_Roll,Tiruppur,1542,13,5603,408.0,3093,82.9,4.58,634739.0
2023-01-15,Retailer_Y,Polyester_Yarn,Karur,1899,2,8669,340.33,868,80.9,6.64,654955.67
2023-01-15,Factory_E,Knitting_Machine,Coimbatore,1322,13,8943,181.97,2221,102.46,7.87,249507.34
2023-01-15,Retailer_Y,Polyester_Yarn,Salem,1914,13,8996,248.52,2415,115.3,4.05,484663.28
2023-01-15,Factory_A,Dye_Chemicals,Erode,576,12,6675,208.19,4580,105.94,6.72,126592.44
2023-01-22,Factory_B,Knitting_Machine,Tiruppur,715,7,9082,258.63,4885,102.28,7.55,194002.45
2023-01-22,Factory_E,Fabric_Roll,Coimbatore,515,9,3256,307.16,1205,118.31,4.07,161443.4
2023-01-22,Factory_E,Knitting_Machine,Tiruppur,500,11,6077,370.06,4572,105.54,7.92,191107.0
2023-01-22,Factory_D,Fabric_Roll,Erode,1057,14,7738,407.57,4857,114.43,5.34,438539.49
2023-01-22,Retailer_X,Polyester_Yarn,Coimbatore,943,8,5368,429.49,1895,81.64,4.96,410377.07
2023-01-29,Retailer_X,Fabric_Roll,Coimbatore,1747,12,1548,262.98,3238,115.79,6.81,460974.06
2023-01-29,Retailer_Y,Dye_Chemicals,Erode,1123,7,4862,499.58,1201,83.31,4.44,565890.34
2023-01-29,Retailer_Y,Polyester_Yarn,Coimbatore,215,3,9633,214.44,1529,91.7,6.65,55737.6
2023-02-05,Retailer_Y,Knitting_Machine,Erode,151,10,5576,286.82,1731,116.88,4.68,48885.82
2023-02-05,Retailer_X,Dye_Chemicals,Karur,964,11,6602,427.91,1323,95.8,7.98,419107.24
2023-02-05,Factory_B,Fabric_Roll,Karur,544,3,3887,376.9,3806,93.07,4.14,208920.6
2023-02-05,Factory_C,Fabric_Roll,Erode,294,9,2030,269.34,1818,116.47,4.29,81215.96
2023-02-05,Factory_A,Cotton_Yarn,Erode,217,14,3917,167.26,4315,109.37,6.79,40212.42
2023-02-05,Factory_B,Dye_Chemicals,Erode,1427,4,9558,206.51,3732,101.63,5.0,304247.77
2023-02-05,Factory_A,Dye_Chemicals,Coimbatore,1729,9,2141,181.96,2418,97.55,4.65,316749.84
2023-02-05,Factory_D,Fabric_Roll,Coimbatore,1394,14,6452,159.49,878,95.91,4.23,228781.06
2023-02-05,Factory_D,Knitting_Machine,Coimbatore,266,5,6581,240.62,3362,94.25,5.24,70585.92
2023-02-12,Factory_A,Fabric_Roll,Tiruppur,435,5,5813,437.18,1114,118.86,6.43,195986.3
2023-02-12,Factory_B,Fabric_Roll,Coimbatore,1649,13,5633,229.03,2986,114.52,6.13,383303.47
2023-02-12,Retailer_Y,Polyester_Yarn,Coimbatore,255,6,6398,487.52,4980,91.66,4.59,130715.6
2023-02-12,Factory_A,Cotton_Yarn,Tiruppur,1716,8,8766,255.97,3247,116.13,7.22,448010.52
2023-02-19,Factory_A,Knitting_Machine,Karur,1698,2,7911,368.18,4234,115.11,5.26,633080.64
2023-02-19,Factory_C,Fabric_Roll,Karur,1556,3,3148,236.04,4872,89.19,6.82,370426.24
2023-02-19,Factory_B,Fabric_Roll,Salem,1559,8,9611,247.65,2277,105.44,4.01,395697.35
2023-02-19,Factory_A,Polyester_Yarn,Salem,1557,8,3831,154.91,1472,94.99,6.89,245025.87
2023-02-19,Factory_B,Polyester_Yarn,Karur,1437,8,1615,173.12,4506,92.34,4.22,250388.44
2023-02-19,Retailer_X,Cotton_Yarn,Salem,247,10,7411,229.92,1474,106.17,6.99,64201.24
2023-02-19,Factory_D,Cotton_Yarn,Erode,902,4,1924,430.29,3523,113.62,5.04,390045.58
2023-02-19,Factory_E,Dye_Chemicals,Salem,418,13,4510,250.63,2221,110.59,6.11,109273.34
2023-02-26,Factory_D,Dye_Chemicals,Tiruppur,413,13,3118,308.51,933,81.91,6.95,130532.63
2023-02-26,Retailer_Y,Polyester_Yarn,Salem,1437,10,7637,200.35,1629,109.39,5.61,295539.95
2023-02-26,Factory_B,Fabric_Roll,Salem,274,7,4992,242.24,2943,98.03,4.21,71365.76
2023-02-26,Factory_D,Fabric_Roll,Tiruppur,1912,5,4605,349.32,2294,107.06,7.38,672504.84
2023-02-26,Factory_E,Cotton_Yarn,Erode,1773,2,6673,229.62,1638,103.37,6.83,413789.26
2023-02-26,Factory_D,Fabric_Roll,Karur,511,2,8686,197.48,2473,115.51,7.49,109598.28
2023-03-05,Retailer_X,Fabric_Roll,Salem,1478,2,8505,281.54,2864,105.54,4.65,424621.12
2023-03-05,Factory_A,Cotton_Yarn,Salem,208,10,7297,252.87,2777,90.79,7.37,59893.96
2023-03-05,Retailer_X,Dye_Chemicals,Karur,490,13,8707,214.42,1662,116.68,7.11,113772.8
2023-03-05,Factory_A,Cotton_Yarn,Salem,1637,7,5039,260.44,1266,93.03,5.24,431379.28
2023-03-05,Factory_D,Cotton_Yarn,Salem,880,11,1888,384.24,3633,118.46,5.54,340019.2
2023-03-05,Factory_E,Knitting_Machine,Erode,945,3,7502,361.12,3224,81.46,5.2,348760.4
2023-03-05,Retailer_X,Fabric_Roll,Erode,1074,11,9758,295.66,3964,108.76,6.42,327296.84
2023-03-05,Retailer_X,Polyester_Yarn,Tiruppur,748,9,2366,433.49,4713,119.32,4.52,326616.52
2023-03-05,Retailer_X,Fabric_Roll,Karur,504,5,4114,337.18,2537,80.63,4.86,174052.72
2023-03-05,Factory_A,Fabric_Roll,Tiruppur,1945,3,4618,313.99,1404,80.72,7.55,615328.55
2023-03-12,Factory_E,Dye_Chemicals,Karur,604,11,3939,185.66,1072,96.19,7.48,116077.64
2023-03-12,Factory_E,Dye_Chemicals,Tiruppur,1363,9,2644,191.72,2172,96.57,7.74,263958.36
2023-03-12,Retailer_Y,Cotton_Yarn,Erode,1573,6,7481,249.89,2670,107.24,5.93,400557.97
2023-03-12,Factory_D,Cotton_Yarn,Salem,563,8,3657,473.62,4915,106.45,5.21,270305.06
2023-03-12,Factory_C,Cotton_Yarn,Tiruppur,1214,6,3121,304.94,4831,95.1,4.12,373318.16
2023-03-12,Factory_E,Dye_Chemicals,Coimbatore,1090,10,9802,309.45,3801,118.47,6.58,347102.5
2023-03-12,Retailer_Y,Polyester_Yarn,Coimbatore,394,8,8204,301.13,2600,113.33,6.86,126849.22
2023-03-12,Factory_C,Dye_Chemicals,Coimbatore,430,6,3653,152.16,2331,80.45,6.91,69081.8
2023-03-19,Retailer_Y,Fabric_Roll,Erode,1427,6,2364,348.05,3779,101.11,4.28,499031.35
2023-03-19,Factory_D,Polyester_Yarn,Karur,784,5,1901,492.1,3942,100.91,6.38,387707.4
2023-03-19,Factory_B,Cotton_Yarn,Karur,172,6,9872,282.91,4809,95.18,6.44,58532.52
2023-03-19,Factory_D,Polyester_Yarn,Erode,697,6,1151,307.9,1318,105.92,6.15,215757.3
2023-03-19,Factory_E,Cotton_Yarn,Karur,554,5,9911,407.61,4172,96.86,6.66,235726.94
2023-03-26,Factory_B,Polyester_Yarn,Karur,1062,7,2378,444.57,4150,104.27,4.31,474511.34
2023-03-26,Retailer_X,Cotton_Yarn,Salem,1196,2,9307,443.59,4185,88.51,5.15,539840.64
2023-03-26,Factory_A,Polyester_Yarn,Salem,898,3,7858,401.32,3786,119.59,6.94,368243.36
2023-03-26,Retailer_X,Polyester_Yarn,Coimbatore,292,13,3076,443.12,4261,118.76,5.04,132467.04
2023-03-26,Factory_B,Dye_Chemicals,Karur,1489,7,2819,178.9,1825,99.63,5.74,269201.1
2023-03-26,Factory_D,Knitting_Machine,Tiruppur,733,13,9516,340.9,3423,83.58,6.09,259395.7
2023-04-02,Factory_D,Cotton_Yarn,Salem,1045,4,1813,488.3,4633,114.17,6.93,512086.5
2023-04-02,Factory_C,Polyester_Yarn,Karur,616,14,1262,487.29,1438,108.37,6.09,301432.64
2023-04-02,Factory_A,Dye_Chemicals,Coimbatore,1236,3,7704,232.01,2067,118.13,6.51,294468.36
2023-04-02,Factory_A,Polyester_Yarn,Erode,1663,14,9092,306.06,798,84.0,5.4,518069.78
2023-04-02,Retailer_X,Cotton_Yarn,Coimbatore,656,11,8236,442.06,648,89.54,7.21,298227.36
2023-04-09,Retailer_X,Cotton_Yarn,Coimbatore,1441,12,9518,187.61,4068,91.96,7.6,279864.01
2023-04-09,Factory_E,Cotton_Yarn,Tiruppur,1630,12,9531,421.07,604,94.26,6.64,695875.1
2023-04-09,Retailer_X,Fabric_Roll,Salem,750,11,6994,385.7,3864,89.9,4.88,296269.0
2023-04-09,Factory_E,Fabric_Roll,Salem,554,2,9052,223.84,921,118.91,5.53,133059.36
2023-04-09,Factory_C,Cotton_Yarn,Erode,743,10,4567,424.23,3793,92.99,7.47,319769.89
2023-04-16,Factory_C,Dye_Chemicals,Erode,1277,9,6811,316.29,3023,86.89,4.13,410713.33
2023-04-16,Factory_C,Cotton_Yarn,Karur,890,11,7957,291.82,921,109.05,7.9,267676.8
2023-04-16,Retailer_Y,Knitting_Machine,Karur,1448,13,7106,477.39,2511,97.46,5.59,698366.72
2023-04-16,Factory_B,Dye_Chemicals,Tiruppur,1039,10,4010,419.41,2449,113.54,7.19,439776.99
2023-04-16,Factory_D,Cotton_Yarn,Salem,1811,5,4161,361.51,738,85.69,5.03,658855.61
2023-04-16,Factory_B,Dye_Chemicals,Tiruppur,533,3,2532,476.29,2632,97.2,4.8,256394.57
2023-04-23,Factory_A,Dye_Chemicals,Salem,1362,6,1066,371.1,3885,107.34,4.64,506504.2
2023-04-23,Factory_E,Cotton_Yarn,Karur,1597,12,2539,478.36,4696,89.69,7.28,766479.92
2023-04-23,Factory_B,Dye_Chemicals,Salem,1458,9,6708,182.36,3121,106.39,4.65,272588.88
2023-04-23,Factory_B,Fabric_Roll,Erode,352,14,6471,453.45,4764,106.79,4.85,166085.4
2023-04-23,Factory_E,Dye_Chemicals,Salem,1821,11,2882,271.82,844,101.1,7.24,497866.22
2023-04-23,Factory_A,Knitting_Machine,Tiruppur,1959,9,5340,285.2,962,103.51,7.35,564046.8
2023-04-23,Factory_A,Dye_Chemicals,Coimbatore,1033,13,2627,491.22,1856,91.72,6.05,510057.26
2023-04-23,Factory_C,Polyester_Yarn,Erode,195,5,8867,204.87,2724,118.06,5.78,48816.65
2023-04-23,Retailer_Y,Cotton_Yarn,Coimbatore,1017,12,4661,477.77,4740,81.33,7.97,490553.09
2023-04-30,Factory_C,Dye_Chemicals,Salem,1002,7,1026,282.41,4971,109.58,5.58,284000.82
2023-04-30,Factory_C,Fabric_Roll,Salem,1118,13,5386,429.3,3265,112.22,5.13,485343.4
2023-04-30,Factory_C,Fabric_Roll,Coimbatore,1478,4,2820,428.45,2477,111.46,7.01,636069.1
2023-04-30,Factory_A,Knitting_Machine,Tiruppur,1461,12,3038,154.97,1897,114.34,6.33,229449.17
2023-04-30,Factory_A,Cotton_Yarn,Salem,1243,3,4174,358.4,1456,82.21,7.39,449665.2
2023-04-30,Factory_B,Dye_Chemicals,Erode,1357,2,5239,456.99,4401,91.95,5.27,625374.43
2023-05-07,Retailer_Y,Knitting_Machine,Coimbatore,1524,3,4957,330.16,2647,80.62,6.69,508120.84
2023-05-07,Factory_C,Dye_Chemicals,Coimbatore,382,8,3994,218.24,2308,114.83,7.59,87361.68
2023-05-07,Factory_E,Polyester_Yarn,Coimbatore,214,7,2490,428.25,1326,100.65,7.09,94135.5
2023-05-14,Retailer_Y,Polyester_Yarn,Coimbatore,1783,6,7331,163.97,3010,85.3,5.08,299689.51
2023-05-14,Factory_C,Dye_Chemicals,Salem,438,3,8246,292.22,3282,95.68,5.37,136238.36
2023-05-14,Factory_B,Fabric_Roll,Karur,1166,5,6311,339.71,4892,111.06,6.87,402412.86
2023-05-14,Factory_B,Polyester_Yarn,Salem,1314,2,4981,213.64,2517,113.68,7.78,285703.96
2023-05-14,Factory_D,Dye_Chemicals,Coimbatore,1771,4,5487,409.59,4449,90.89,7.87,730870.89
2023-05-14,Factory_B,Polyester_Yarn,Coimbatore,1538,12,9044,355.18,1629,98.8,7.39,555310.84
2023-05-21,Factory_C,Polyester_Yarn,Coimbatore,672,8,5522,231.56,3534,81.86,7.04,161130.32
2023-05-21,Factory_A,Fabric_Roll,Erode,994,10,1240,379.54,4909,115.53,5.69,378502.76
2023-05-21,Factory_B,Fabric_Roll,Karur,1431,4,4866,416.77,4655,112.49,4.43,601263.87
2023-05-28,Retailer_X,Knitting_Machine,Coimbatore,1137,7,8367,269.55,2280,114.19,4.55,314845.35
2023-05-28,Factory_E,Dye_Chemicals,Coimbatore,1245,12,2567,201.32,3486,90.99,5.26,253210.4
2023-05-28,Retailer_X,Fabric_Roll,Karur,1187,3,6091,220.32,2361,105.83,6.1,267610.84
2023-05-28,Factory_A,Cotton_Yarn,Salem,1729,7,7232,189.89,2789,80.74,5.1,335551.81
2023-05-28,Factory_C,Polyester_Yarn,Erode,720,10,2248,160.62,4657,84.8,4.69,117894.4
2023-05-28,Factory_D,Polyester_Yarn,Karur,739,11,4183,276.8,1389,113.82,6.74,208738.2
2023-06-04,Factory_D,Dye_Chemicals,Karur,252,9,8915,484.13,4075,118.42,6.43,130915.76
2023-06-04,Factory_C,Dye_Chemicals,Erode,491,11,4225,398.0,3738,81.34,6.51,199643.0
2023-06-04,Factory_B,Polyester_Yarn,Erode,584,12,1178,187.17,4370,102.4,4.7,110485.28
2023-06-04,Factory_D,Dye_Chemicals,Erode,434,14,2551,169.67,1569,117.67,7.38,76187.78
2023-06-04,Retailer_Y,Cotton_Yarn,Coimbatore,1204,7,7135,337.37,3015,99.08,5.1,413328.48
2023-06-04,Factory_B,Polyester_Yarn,Erode,1560,8,1547,370.39,2638,104.83,5.24,579355.4
2023-06-04,Retailer_X,Polyester_Yarn,Erode,1475,5,7089,392.1,4303,92.44,6.96,585436.5
2023-06-04,Factory_D,Cotton_Yarn,Salem,1612,14,5815,292.25,2791,108.02,5.82,476922.0
2023-06-11,Factory_A,Cotton_Yarn,Coimbatore,1768,7,6555,433.83,3772,98.84,7.13,773566.44
2023-06-11,Factory_D,Knitting_Machine,Erode,564,14,1622,204.73,2526,107.76,4.25,117089.72
2023-06-11,Factory_B,Cotton_Yarn,Karur,719,14,5086,432.79,3625,112.5,6.31,316262.01
2023-06-11,Retailer_X,Dye_Chemicals,Karur,1016,4,7961,275.56,3304,103.09,7.22,287929.96
2023-06-11,Retailer_X,Cotton_Yarn,Tiruppur,1989,8,6974,453.47,2779,119.7,6.44,908925.83
2023-06-18,Retailer_X,Polyester_Yarn,Coimbatore,430,8,4565,452.33,1990,95.41,6.04,199066.9
2023-06-25,Retailer_Y,Cotton_Yarn,Tiruppur,1041,3,7924,350.47,4345,92.98,4.65,372763.27
2023-06-25,Factory_C,Cotton_Yarn,Tiruppur,682,3,8602,473.31,2322,112.23,4.62,331399.42
2023-06-25,Factory_E,Fabric_Roll,Karur,1392,3,2230,468.57,1013,113.51,7.91,654479.44
2023-06-25,Factory_C,Dye_Chemicals,Tiruppur,1358,12,1156,340.03,1044,105.3,7.25,462916.74
2023-06-25,Factory_B,Knitting_Machine,Coimbatore,902,10,8127,306.83,3920,104.11,6.96,284887.66
2023-07-02,Retailer_Y,Polyester_Yarn,Coimbatore,707,10,1616,498.68,3696,83.68,6.55,354182.76
2023-07-02,Factory_D,Cotton_Yarn,Salem,1974,3,8509,161.7,1097,90.21,7.97,327704.8
2023-07-02,Factory_C,Knitting_Machine,Erode,1800,6,9737,210.89,3578,107.79,6.59,389339.0
2023-07-02,Factory_B,Cotton_Yarn,Coimbatore,305,10,3721,399.28,3105,89.32,5.15,125501.4
2023-07-09,Retailer_X,Dye_Chemicals,Coimbatore,447,7,7256,253.19,4811,109.37,4.86,120431.93
2023-07-09,Retailer_X,Polyester_Yarn,Coimbatore,1737,11,9488,494.17,1554,90.27,7.06,867861.29
2023-07-09,Factory_A,Knitting_Machine,Salem,1045,14,3181,158.63,1377,110.88,6.35,168949.35
2023-07-16,Retailer_X,Dye_Chemicals,Erode,1699,3,3173,441.34,2962,83.69,6.33,753009.66
2023-07-16,Factory_E,Knitting_Machine,Tiruppur,1606,11,1242,168.46,4854,83.03,4.34,271788.76
2023-07-16,Factory_E,Knitting_Machine,Tiruppur,1567,6,5603,340.68,1309,89.45,6.23,539448.56
2023-07-16,Factory_E,Cotton_Yarn,Erode,1906,2,5054,380.41,1596,97.83,5.78,730115.46
2023-07-16,Factory_B,Fabric_Roll,Tiruppur,1050,7,1512,470.19,1907,105.23,7.86,495211.5
2023-07-16,Factory_B,Dye_Chemicals,Tiruppur,460,2,1506,157.35,794,92.11,6.82,73887.0
2023-07-23,Factory_C,Polyester_Yarn,Tiruppur,1888,5,6603,379.43,2069,83.24,5.68,722966.84
2023-07-23,Factory_B,Polyester_Yarn,Karur,121,7,5516,302.09,1681,100.97,5.66,42068.89
2023-07-23,Factory_D,Knitting_Machine,Tiruppur,858,11,7754,319.76,3954,116.33,4.32,282108.08
2023-07-23,Retailer_X,Fabric_Roll,Salem,1188,8,2725,452.53,3186,82.79,5.05,540330.64
2023-07-23,Factory_C,Dye_Chemicals,Coimbatore,1856,7,9042,259.96,2822,114.22,4.26,491527.76
2023-07-30,Factory_D,Dye_Chemicals,Karur,777,12,9320,487.91,1661,92.89,6.05,388426.07
2023-07-30,Factory_A,Polyester_Yarn,Karur,1037,8,2129,178.51,1941,99.83,5.7,187243.87
2023-07-30,Factory_B,Dye_Chemicals,Erode,306,8,4085,336.57,2652,97.49,7.09,107075.42
2023-07-30,Factory_E,Fabric_Roll,Salem,998,10,6607,444.12,4308,101.97,5.93,449838.76
2023-07-30,Factory_C,Cotton_Yarn,Coimbatore,994,12,6033,266.82,1081,90.52,5.88,271252.08
2023-08-06,Factory_D,Knitting_Machine,Salem,646,5,1271,306.21,4777,106.19,5.45,199082.66
2023-08-06,Factory_D,Knitting_Machine,Tiruppur,1056,3,1992,297.94,2867,112.23,4.93,316616.64
2023-08-06,Factory_C,Knitting_Machine,Karur,1107,3,8164,400.59,3369,96.1,7.17,451617.13
2023-08-06,Retailer_X,Fabric_Roll,Erode,291,13,8454,219.14,2733,114.48,4.38,72223.74
2023-08-06,Factory_E,Knitting_Machine,Tiruppur,844,14,1861,278.89,2665,108.04,6.38,237244.16
2023-08-06,Factory_C,Cotton_Yarn,Erode,1441,8,4892,353.6,4679,92.39,5.35,514429.6
2023-08-06,Factory_D,Fabric_Roll,Salem,718,5,4510,231.51,3355,83.76,7.81,170734.18
2023-08-13,Factory_E,Knitting_Machine,Karur,1956,14,2391,342.7,3262,114.68,4.56,672712.2
2023-08-13,Factory_C,Fabric_Roll,Coimbatore,1337,10,4159,262.35,1125,117.99,6.69,354920.95
2023-08-13,Factory_E,Cotton_Yarn,Erode,933,7,2505,423.51,1579,118.45,5.34,397639.83
2023-08-13,Factory_D,Knitting_Machine,Erode,1816,14,2907,167.15,3174,111.36,5.43,306451.4
2023-08-20,Factory_C,Dye_Chemicals,Coimbatore,1001,10,2966,184.85,895,86.67,7.37,188000.85
2023-08-20,Retailer_Y,Cotton_Yarn,Salem,1881,7,7965,293.89,849,105.24,4.95,560772.09
2023-08-20,Retailer_X,Polyester_Yarn,Karur,1371,13,7470,337.44,735,99.12,7.96,470100.24
2023-08-20,Factory_B,Dye_Chemicals,Erode,1773,2,6074,196.7,4753,97.35,5.38,354823.1
2023-08-20,Retailer_Y,Knitting_Machine,Salem,692,13,1534,159.84,4286,112.48,4.45,112143.28
2023-08-20,Factory_D,Knitting_Machine,Karur,611,3,2940,485.35,4949,84.18,4.1,299488.85
2023-08-20,Factory_A,Cotton_Yarn,Coimbatore,1626,8,3897,486.26,4258,118.72,5.37,794555.76
2023-08-20,Factory_E,Dye_Chemicals,Salem,1953,12,3031,267.21,3369,84.14,4.42,524892.13
2023-08-20,Factory_C,Polyester_Yarn,Tiruppur,761,9,8778,392.52,4536,87.78,6.5,307485.72
2023-08-20,Factory_B,Fabric_Roll,Coimbatore,1721,6,6969,468.89,4588,100.25,6.22,813928.69
2023-08-27,Factory_D,Dye_Chemicals,Salem,1792,14,8657,180.35,4271,98.2,4.73,331844.2
2023-09-03,Factory_C,Dye_Chemicals,Erode,489,12,6594,419.06,4555,107.65,4.1,211514.34
2023-09-03,Factory_A,Dye_Chemicals,Tiruppur,588,11,6573,372.36,1938,113.4,4.3,225520.68
2023-09-03,Factory_A,Fabric_Roll,Karur,1124,14,9044,483.59,831,114.35,7.13,552599.16
2023-09-10,Factory_E,Knitting_Machine,Salem,1976,5,9055,422.29,4928,114.1,4.47,843500.04
2023-09-10,Factory_C,Dye_Chemicals,Salem,1460,11,1615,383.34,1523,114.02,4.15,561291.4
2023-09-10,Factory_E,Dye_Chemicals,Coimbatore,1761,8,4789,404.13,1148,112.05,7.24,716461.93
2023-09-10,Retailer_Y,Dye_Chemicals,Karur,1576,9,6231,233.94,2775,117.32,7.93,374920.44
2023-09-10,Retailer_Y,Fabric_Roll,Tiruppur,1749,7,1626,453.79,691,84.93,5.98,795304.71
2023-09-10,Retailer_Y,Fabric_Roll,Salem,1331,8,6523,368.03,4265,91.75,5.81,496370.93
2023-09-17,Factory_C,Dye_Chemicals,Coimbatore,1802,11,3371,377.34,2506,97.75,5.89,683337.68
2023-09-17,Factory_A,Cotton_Yarn,Karur,1788,14,5623,293.9,3182,82.25,4.51,531116.2
2023-09-17,Factory_D,Dye_Chemicals,Coimbatore,274,9,5942,335.03,900,95.29,4.42,97740.22
2023-09-17,Factory_D,Cotton_Yarn,Tiruppur,382,14,4553,193.98,3809,83.91,7.61,78653.36
2023-09-17,Factory_A,Dye_Chemicals,Tiruppur,1926,7,6402,256.57,1269,80.36,7.81,500555.82
2023-09-17,Factory_A,Polyester_Yarn,Coimbatore,652,6,6185,305.6,1813,92.8,7.65,205436.2
2023-09-17,Factory_C,Polyester_Yarn,Karur,1302,4,6326,415.22,2317,108.23,5.17,546942.44
2023-09-17,Factory_B,Knitting_Machine,Coimbatore,1817,13,2191,351.77,3931,90.16,4.41,641357.09
2023-09-17,Factory_E,Knitting_Machine,Tiruppur,1574,10,4829,259.08,2058,91.66,4.38,412620.92
2023-09-17,Retailer_X,Polyester_Yarn,Coimbatore,1867,7,6801,232.77,4632,117.13,7.33,441382.59
2023-09-17,Retailer_X,Cotton_Yarn,Erode,143,8,6882,219.01,3557,113.91,6.52,38200.43
2023-09-17,Retailer_X,Dye_Chemicals,Erode,505,10,6499,202.47,3916,96.32,5.68,108746.35
2023-09-24,Factory_A,Knitting_Machine,Salem,305,7,4432,187.35,2226,104.65,5.51,61573.75
2023-09-24,Retailer_X,Polyester_Yarn,Karur,102,9,8893,352.93,3773,107.03,6.25,44891.86
2023-10-01,Retailer_Y,Dye_Chemicals,Tiruppur,1603,10,6187,182.56,752,89.25,5.47,298830.68
2023-10-01,Factory_B,Polyester_Yarn,Erode,825,10,9792,377.04,713,83.05,4.85,320850.0
2023-10-01,Retailer_X,Knitting_Machine,Salem,404,2,1378,374.38,3200,107.93,7.86,152627.52
2023-10-01,Retailer_Y,Polyester_Yarn,Coimbatore,293,14,5645,368.98,3013,113.84,5.57,113756.14
2023-10-01,Retailer_X,Cotton_Yarn,Salem,302,10,7280,180.44,3222,114.89,7.71,61772.88
2023-10-01,Factory_A,Knitting_Machine,Tiruppur,236,2,6810,442.24,3891,112.7,5.99,111178.64
2023-10-01,Retailer_X,Cotton_Yarn,Tiruppur,1419,12,1523,175.27,3667,104.43,7.67,250231.13
2023-10-01,Factory_E,Fabric_Roll,Coimbatore,895,4,1126,319.46,4289,105.14,4.99,287042.7
2023-10-01,Factory_A,Knitting_Machine,Tiruppur,164,8,9976,431.81,2945,106.16,6.91,80792.84
2023-10-08,Factory_D,Polyester_Yarn,Salem,486,4,1919,408.49,2614,82.33,6.22,200445.14
2023-10-08,Factory_D,Fabric_Roll,Karur,845,5,5818,233.56,1659,102.15,4.71,203176.2
2023-10-08,Factory_B,Polyester_Yarn,Coimbatore,1918,10,4365,402.16,2158,91.04,7.95,775707.88
2023-10-08,Retailer_X,Knitting_Machine,Karur,1225,14,4977,180.85,2918,80.2,5.98,226518.25
2023-10-08,Factory_A,Polyester_Yarn,Salem,1653,9,4729,288.07,589,110.54,4.56,480908.71
2023-10-08,Factory_E,Fabric_Roll,Tiruppur,349,13,4779,488.91,2937,117.76,4.58,175408.59
2023-10-08,Factory_D,Fabric_Roll,Coimbatore,607,9,2269,468.48,4881,111.37,7.94,286636.36
2023-10-08,Retailer_X,Dye_Chemicals,Salem,265,3,9777,401.54,1624,93.55,7.63,116185.1
2023-10-15,Retailer_Y,Fabric_Roll,Karur,450,14,5823,440.48,2340,115.57,7.11,204039.0
2023-10-15,Factory_C,Knitting_Machine,Karur,1328,7,3987,488.32,2962,114.26,4.51,652475.96
2023-10-15,Factory_B,Polyester_Yarn,Erode,1114,5,8082,324.42,1915,110.15,4.2,369485.88
2023-10-15,Factory_B,Cotton_Yarn,Coimbatore,1330,8,9895,208.29,609,102.78,6.1,286920.7
2023-10-15,Factory_E,Polyester_Yarn,Karur,1098,6,8118,493.48,807,86.78,6.59,549959.04
2023-10-15,Factory_A,Knitting_Machine,Tiruppur,992,14,7430,276.54,986,99.18,6.7,281757.68
2023-10-15,Factory_E,Cotton_Yarn,Karur,1523,8,4768,243.14,4349,82.02,7.04,375070.22
2023-10-22,Retailer_X,Cotton_Yarn,Tiruppur,168,5,3048,175.43,891,88.31,6.85,32520.24
2023-10-22,Factory_B,Cotton_Yarn,Tiruppur,1859,10,3061,353.26,1298,97.1,6.49,659771.34
2023-10-22,Retailer_Y,Cotton_Yarn,Tiruppur,770,2,1228,274.09,3102,94.84,4.63,212277.3
2023-10-22,Retailer_Y,Polyester_Yarn,Erode,1778,13,5920,295.47,4820,100.78,7.33,531265.66
2023-10-22,Retailer_Y,Dye_Chemicals,Tiruppur,1536,3,5482,353.85,4196,88.97,7.54,548995.6
2023-10-22,Factory_A,Fabric_Roll,Salem,1924,5,5078,472.19,1358,108.44,7.16,913571.56
2023-10-22,Factory_D,Polyester_Yarn,Erode,670,7,2537,292.26,2077,109.2,6.24,198351.2
2023-10-22,Retailer_Y,Knitting_Machine,Coimbatore,789,2,4138,214.51,1917,112.71,6.6,173386.39
2023-10-22,Retailer_X,Knitting_Machine,Coimbatore,487,14,6338,495.16,4132,109.53,4.1,247480.92
2023-10-29,Factory_B,Fabric_Roll,Tiruppur,721,5,8016,445.7,2458,107.02,7.49,329365.7
2023-10-29,Factory_C,Dye_Chemicals,Coimbatore,1759,9,1507,401.19,3472,98.4,6.96,707200.21
2023-10-29,Retailer_X,Polyester_Yarn,Tiruppur,1259,4,3809,467.44,633,104.33,6.15,592315.96
2023-10-29,Factory_B,Polyester_Yarn,Salem,1526,10,8008,164.12,4481,103.63,5.83,258455.12
2023-10-29,Factory_A,Cotton_Yarn,Salem,1963,2,4346,169.68,1415,95.68,5.38,337427.84
2023-10-29,Factory_E,Knitting_Machine,Karur,1126,2,3159,217.29,4451,112.06,4.08,247827.54
2023-10-29,Factory_B,Cotton_Yarn,Tiruppur,1311,9,3841,349.92,2000,97.92,5.92,462586.12
2023-10-29,Retailer_Y,Cotton_Yarn,Coimbatore,212,8,1941,469.48,2600,107.6,4.41,101470.76
2023-11-05,Factory_E,Knitting_Machine,Karur,1838,5,4228,268.48,1083,117.18,5.67,497694.24
2023-11-05,Factory_E,Knitting_Machine,Salem,118,2,1153,494.6,2333,85.88,4.09,59515.8
2023-11-05,Factory_E,Knitting_Machine,Karur,1327,6,8680,475.29,2773,118.92,4.28,639389.83
2023-11-05,Factory_C,Knitting_Machine,Erode,1260,6,7559,254.25,4998,89.57,4.79,327914.0
2023-11-05,Factory_E,Knitting_Machine,Tiruppur,1784,11,8011,224.23,3849,104.97,7.04,408037.32
2023-11-12,Factory_D,Polyester_Yarn,Tiruppur,1869,8,9456,374.16,4044,100.02,5.43,708761.04
2023-11-12,Retailer_Y,Dye_Chemicals,Tiruppur,598,12,6454,167.07,825,111.7,6.66,106361.86
2023-11-12,Retailer_X,Fabric_Roll,Salem,524,7,9693,266.26,3300,100.87,4.96,149213.24
2023-11-12,Factory_B,Dye_Chemicals,Erode,160,2,8235,256.13,1825,82.85,7.59,49215.8
2023-11-19,Factory_C,Fabric_Roll,Coimbatore,1289,5,9220,398.38,1714,104.44,4.37,522731.82
2023-11-19,Factory_E,Cotton_Yarn,Erode,1618,2,8837,414.67,728,98.09,6.24,679773.06
2023-11-19,Factory_D,Knitting_Machine,Salem,1873,11,8607,229.54,1468,111.18,5.31,438535.42
2023-11-19,Factory_B,Knitting_Machine,Erode,1046,5,7414,303.32,858,107.26,7.15,324686.72
2023-11-19,Factory_A,Fabric_Roll,Erode,468,11,5056,247.54,4732,90.52,7.03,120904.72
2023-11-19,Retailer_X,Knitting_Machine,Coimbatore,1336,8,6051,265.28,735,107.15,5.39,360465.08
2023-11-19,Factory_B,Dye_Chemicals,Karur,1432,14,6209,354.16,1886,99.44,7.85,513366.12
2023-11-19,Retailer_X,Cotton_Yarn,Coimbatore,199,9,4494,297.26,1492,110.92,7.96,63648.74
2023-11-19,Factory_A,Dye_Chemicals,Karur,1593,6,3159,494.96,2085,96.24,5.04,791630.28
2023-11-19,Retailer_Y,Knitting_Machine,Salem,1800,10,8533,331.56,4270,107.36,5.36,605341.0
2023-11-19,Retailer_X,Dye_Chemicals,Salem,1542,13,7663,163.78,2886,93.85,4.8,260211.76
2023-11-19,Retailer_X,Dye_Chemicals,Tiruppur,1512,13,6753,422.2,4015,84.92,4.18,645119.4
2023-11-19,Retailer_X,Fabric_Roll,Tiruppur,1145,9,8977,278.38,3165,115.1,5.29,327722.1
2023-11-26,Retailer_Y,Cotton_Yarn,Karur,234,5,1681,390.72,2479,93.64,5.79,93109.48
2023-11-26,Factory_D,Polyester_Yarn,Erode,1087,6,3156,273.72,2068,115.83,7.32,300689.64
2023-11-26,Factory_B,Dye_Chemicals,Karur,1387,10,6840,448.05,3092,118.38,7.23,628285.35
2023-11-26,Factory_C,Knitting_Machine,Salem,1527,13,3721,348.4,3346,87.32,7.33,535727.8
2023-11-26,Retailer_Y,Fabric_Roll,Coimbatore,1211,9,8189,224.11,4043,99.34,5.93,279586.21
2023-11-26,Factory_E,Knitting_Machine,Karur,360,14,4332,381.81,4428,114.23,7.87,141783.6
2023-12-03,Factory_A,Dye_Chemicals,Coimbatore,160,14,5846,326.01,4433,119.45,4.14,58007.6
2023-12-03,Factory_D,Knitting_Machine,Salem,974,11,2073,407.77,2178,101.9,7.14,399240.98
2023-12-03,Factory_C,Polyester_Yarn,Coimbatore,666,2,8813,243.38,4498,96.99,4.05,170904.08
2023-12-03,Retailer_Y,Fabric_Roll,Tiruppur,120,8,3881,358.65,598,80.22,7.78,46919.0
2023-12-03,Retailer_X,Cotton_Yarn,Karur,374,4,1494,392.52,2991,93.73,5.69,148296.48
2023-12-03,Factory_E,Polyester_Yarn,Karur,579,5,3223,406.28,1804,97.79,6.47,238459.12
2023-12-03,Factory_B,Polyester_Yarn,Erode,1226,8,2754,276.02,1603,103.3,7.63,341154.52
2023-12-03,Factory_E,Polyester_Yarn,Salem,930,14,5780,298.93,1434,97.9,5.76,283784.9
2023-12-03,Retailer_Y,Cotton_Yarn,Coimbatore,939,3,7770,488.2,3315,94.76,6.64,466189.8
2023-12-10,Factory_B,Polyester_Yarn,Karur,758,7,6068,215.88,4760,118.46,7.43,169705.04
2023-12-10,Factory_D,Polyester_Yarn,Coimbatore,1405,7,6178,395.52,3900,81.6,6.13,561883.6
2023-12-17,Factory_D,Dye_Chemicals,Karur,631,13,7852,411.63,1863,104.15,4.46,267590.53
2023-12-17,Factory_A,Dye_Chemicals,Karur,968,14,1279,454.38,1420,114.18,6.26,441118.84
2023-12-17,Factory_E,Dye_Chemicals,Salem,1809,8,6428,291.98,4710,94.71,5.77,534619.82
2023-12-17,Factory_E,Cotton_Yarn,Salem,1264,14,8382,416.14,622,105.45,7.18,534382.96
2023-12-17,Factory_D,Fabric_Roll,Erode,662,3,6247,207.92,2934,106.37,6.28,143890.04
2023-12-17,Retailer_Y,Cotton_Yarn,Salem,1749,7,5306,249.82,2572,86.39,6.24,442241.18
2023-12-24,Retailer_X,Cotton_Yarn,Salem,982,8,1857,184.82,2259,81.61,7.36,183350.24
2023-12-24,Factory_C,Polyester_Yarn,Salem,253,4,4622,454.34,1939,91.32,7.4,119570.02
2023-12-24,Factory_A,Dye_Chemicals,Tiruppur,1667,11,7394,246.86,2451,102.77,5.41,418909.62
2023-12-24,Retailer_Y,Dye_Chemicals,Coimbatore,753,5,9269,200.07,1180,96.09,7.3,159921.71
2023-12-24,Factory_B,Fabric_Roll,Tiruppur,192,10,5994,486.13,1167,80.58,7.34,99330.96
2023-12-24,Factory_B,Polyester_Yarn,Coimbatore,269,12,3313,365.27,4486,84.52,4.54,101570.63
2023-12-24,Factory_C,Dye_Chemicals,Coimbatore,1728,10,4899,153.68,3829,119.26,5.18,270458.04
2023-12-24,Retailer_Y,Polyester_Yarn,Salem,818,14,7801,463.54,2796,95.32,4.55,386976.72
2023-12-24,Factory_C,Dye_Chemicals,Coimbatore,167,2,8950,398.65,4437,118.19,6.04,75524.55
2023-12-24,Factory_A,Cotton_Yarn,Karur,1449,2,8797,163.44,1117,80.43,7.31,245621.56
2023-12-24,Factory_B,Dye_Chemicals,Coimbatore,1399,9,9096,376.81,2436,106.82,4.59,536253.19
2023-12-24,Retailer_X,Polyester_Yarn,Erode,1171,5,5272,235.91,4542,92.73,6.21,281522.61
2023-12-24,Retailer_X,Knitting_Machine,Tiruppur,1317,13,5535,164.52,3675,84.47,7.59,222207.84
2023-12-24,Retailer_Y,Dye_Chemicals,Coimbatore,938,11,2601,431.79,2366,90.0,5.99,407620.02
2023-12-31,Retailer_X,Dye_Chemicals,Salem,160,11,6618,226.11,4048,119.71,5.59,42795.6
2023-12-31,Retailer_Y,Knitting_Machine,Tiruppur,928,4,5476,392.68,3998,87.04,7.57,369883.04
2023-12-31,Factory_E,Cotton_Yarn,Coimbatore,1707,7,9302,284.77,4918,88.65,6.85,495404.39
2023-12-31,Factory_B,Polyester_Yarn,Erode,1019,11,3321,217.31,2501,91.94,4.15,224759.89
2023-12-31,Retailer_Y,Knitting_Machine,Salem,1487,13,4150,445.31,4240,89.01,6.76,666325.97
2024-01-07,Retailer_X,Polyester_Yarn,Tiruppur,879,7,4089,324.64,4533,93.15,4.39,289447.56
2024-01-07,Factory_B,Knitting_Machine,Karur,950,3,2985,325.83,1494,101.51,6.59,312523.5
2024-01-07,Factory_A,Fabric_Roll,Coimbatore,139,11,8104,232.38,1088,112.86,6.66,40404.82
2024-01-07,Retailer_Y,Fabric_Roll,Karur,608,11,3962,420.25,4772,101.41,4.16,259474.0
2024-01-14,Retailer_Y,Cotton_Yarn,Erode,826,10,8995,163.65,2933,117.05,6.05,144169.9
2024-01-14,Factory_D,Cotton_Yarn,Tiruppur,1877,11,2299,351.53,2570,115.28,4.42,662120.81
2024-01-14,Factory_A,Polyester_Yarn,Salem,485,4,7464,408.1,1289,110.24,5.99,205392.5
2024-01-14,Factory_E,Dye_Chemicals,Coimbatore,1956,6,8825,446.64,4177,84.25,5.54,882452.84
2024-01-21,Factory_A,Polyester_Yarn,Coimbatore,688,3,4786,338.38,3325,91.39,5.3,237591.44
2024-01-21,Factory_E,Fabric_Roll,Tiruppur,1182,2,2652,351.48,3935,89.13,4.82,418101.36
2024-01-21,Factory_D,Fabric_Roll,Salem,780,9,6919,360.2,1303,117.08,5.73,287875.0
2024-01-21,Retailer_X,Fabric_Roll,Coimbatore,1134,11,3263,313.54,2724,84.65,6.98,358817.36
2024-01-28,Factory_A,Knitting_Machine,Tiruppur,153,10,8607,370.72,3386,116.88,6.22,65327.16
2024-01-28,Factory_E,Knitting_Machine,Karur,1503,14,7146,176.94,2563,117.33,4.35,273086.82
2024-01-28,Retailer_X,Cotton_Yarn,Karur,1501,9,7678,207.31,555,90.68,5.6,318850.31
2024-01-28,Factory_D,Cotton_Yarn,Karur,383,8,6882,329.42,1371,104.96,6.83,133049.86
2024-01-28,Retailer_X,Polyester_Yarn,Tiruppur,969,4,7893,492.11,564,107.84,7.64,484747.59
2024-01-28,Retailer_Y,Dye_Chemicals,Salem,835,12,5703,155.92,1446,92.66,7.72,135896.2
2024-01-28,Factory_C,Dye_Chemicals,Tiruppur,1073,10,3933,252.43,4723,82.85,4.01,274790.39
2024-01-28,Factory_E,Polyester_Yarn,Coimbatore,1690,11,5185,205.88,1662,85.02,4.25,353122.2
2024-01-28,Factory_C,Knitting_Machine,Erode,1524,13,9264,312.39,4634,93.94,5.88,485346.36
2024-02-04,Factory_B,Fabric_Roll,Coimbatore,641,9,9737,436.82,3077,108.85,5.96,289738.62
2024-02-04,Factory_B,Polyester_Yarn,Erode,1575,14,9938,429.23,3578,110.63,4.43,685975.25
2024-02-11,Factory_C,Cotton_Yarn,Tiruppur,639,12,4783,265.82,3958,96.61,6.42,174641.98
2024-02-11,Factory_D,Polyester_Yarn,Tiruppur,1360,4,7996,211.17,2696,94.23,6.19,295187.2
2024-02-11,Retailer_X,Dye_Chemicals,Salem,825,14,8788,352.76,2439,86.54,5.18,299815.0
2024-02-11,Factory_C,Cotton_Yarn,Coimbatore,182,8,3774,315.07,3068,112.82,4.42,61116.74
2024-02-11,Factory_C,Cotton_Yarn,Tiruppur,660,7,3741,494.43,1853,99.52,6.64,330064.8
2024-02-11,Retailer_X,Polyester_Yarn,Tiruppur,827,5,2581,179.89,4452,83.72,6.77,151350.03
2024-02-11,Factory_A,Cotton_Yarn,Karur,604,13,2861,224.0,1808,96.61,4.1,138157.0
2024-02-11,Retailer_X,Dye_Chemicals,Coimbatore,483,8,1001,244.37,2334,81.26,4.05,119031.71
2024-02-11,Retailer_Y,Dye_Chemicals,Karur,1972,6,5571,215.02,3335,100.46,5.3,429590.44
2024-02-11,Factory_E,Dye_Chemicals,Karur,529,3,8489,165.61,2112,102.99,7.14,96096.69
2024-02-11,Retailer_X,Cotton_Yarn,Tiruppur,161,8,9316,436.89,2064,109.06,4.69,79655.29
2024-02-18,Retailer_X,Knitting_Machine,Erode,1049,5,3155,409.83,1570,113.53,5.64,433066.67
2024-02-18,Factory_E,Fabric_Roll,Tiruppur,1913,14,7937,180.94,1242,99.97,6.75,354075.22
2024-02-18,Factory_A,Polyester_Yarn,Tiruppur,1566,2,9346,492.66,3808,84.53,7.18,780851.56
2024-02-18,Factory_D,Fabric_Roll,Erode,1172,14,5225,434.5,4586,110.87,4.51,514459.0
2024-02-18,Factory_D,Knitting_Machine,Coimbatore,1162,2,9334,404.46,1841,95.6,4.04,479316.52
2024-02-25,Factory_A,Knitting_Machine,Salem,1110,11,2191,434.07,725,89.37,8.0,484008.7
2024-02-25,Factory_C,Polyester_Yarn,Erode,1298,7,4655,398.62,4678,113.72,5.68,522063.76
2024-02-25,Retailer_Y,Cotton_Yarn,Salem,227,4,3381,264.16,2237,100.23,7.77,63345.32
2024-02-25,Factory_D,Cotton_Yarn,Salem,813,14,1946,347.9,574,113.18,4.45,284788.7
2024-02-25,Factory_B,Knitting_Machine,Erode,668,2,7719,162.05,520,98.71,7.65,115968.4
2024-02-25,Factory_C,Polyester_Yarn,Karur,1231,10,7365,170.46,2238,91.02,4.45,217201.26
2024-02-25,Factory_D,Polyester_Yarn,Karur,1193,5,8481,174.74,870,80.26,7.45,216945.82
2024-02-25,Factory_B,Polyester_Yarn,Erode,659,2,8396,381.47,2827,93.08,5.25,259784.73
2024-02-25,Factory_D,Knitting_Machine,Erode,437,9,4164,419.17,4406,85.42,6.84,187341.29
2024-02-25,Factory_D,Knitting_Machine,Erode,294,14,7943,382.0,886,86.98,4.88,120251.0
2024-02-25,Factory_C,Cotton_Yarn,Karur,1880,6,8325,492.98,1103,85.82,5.38,935127.4
2024-02-25,Factory_A,Cotton_Yarn,Coimbatore,534,4,6596,245.97,3416,111.58,5.95,137943.98
2024-02-25,Factory_A,Knitting_Machine,Tiruppur,947,4,2033,395.55,901,86.49,5.96,376618.85
2024-02-25,Factory_A,Cotton_Yarn,Erode,155,8,7269,200.51,3052,96.3,6.73,38348.05
2024-03-03,Factory_C,Cotton_Yarn,Karur,172,9,8500,462.66,724,92.59,4.9,88077.52
2024-03-03,Factory_E,Cotton_Yarn,Erode,820,14,9890,363.97,1420,82.24,5.44,308345.4
2024-03-03,Retailer_Y,Dye_Chemicals,Salem,1979,6,2871,491.76,2923,87.8,5.34,976064.04
2024-03-10,Factory_B,Knitting_Machine,Salem,1634,14,1397,420.14,3639,85.27,4.03,687905.76
2024-03-10,Factory_C,Dye_Chemicals,Coimbatore,1510,4,3212,163.93,2394,108.66,5.27,250746.3
2024-03-10,Factory_B,Dye_Chemicals,Salem,376,11,8349,396.41,753,83.23,6.27,157399.16
2024-03-10,Factory_E,Dye_Chemicals,Tiruppur,1379,9,5567,291.92,4797,117.3,5.32,408124.68
2024-03-10,Retailer_Y,Fabric_Roll,Tiruppur,1182,12,9107,416.75,3014,115.76,5.43,501705.5
2024-03-10,Factory_C,Cotton_Yarn,Karur,901,7,2079,240.58,1306,117.74,7.24,218841.58
2024-03-10,Factory_E,Knitting_Machine,Tiruppur,815,11,9683,243.8,2164,99.34,6.35,208380.0
2024-03-10,Factory_E,Dye_Chemicals,Tiruppur,967,3,4243,439.26,2914,106.25,5.66,429007.42
2024-03-17,Factory_D,Cotton_Yarn,Tiruppur,551,6,7448,220.63,3471,112.35,6.44,129015.13
2024-03-17,Retailer_X,Knitting_Machine,Tiruppur,1879,4,5086,157.65,2294,112.31,4.96,301310.35
2024-03-17,Factory_A,Knitting_Machine,Salem,932,5,5658,448.66,1799,86.58,4.41,423809.12
2024-03-17,Retailer_X,Dye_Chemicals,Salem,1591,7,1643,246.45,742,116.98,4.84,393744.95
2024-03-17,Factory_A,Cotton_Yarn,Salem,580,7,3080,152.57,3013,111.51,5.32,91570.6
2024-03-24,Factory_C,Polyester_Yarn,Erode,1375,13,6014,354.09,895,85.9,4.54,492887.75
2024-03-24,Factory_B,Knitting_Machine,Erode,1408,14,5712,349.26,3338,90.04,6.0,497470.08
2024-03-24,Factory_D,Cotton_Yarn,Karur,361,6,6506,461.9,834,99.98,6.89,173251.9
2024-03-24,Retailer_Y,Dye_Chemicals,Karur,648,4,3639,269.72,4651,119.29,4.72,178417.56
2024-03-24,Factory_D,Dye_Chemicals,Salem,1111,11,4720,320.77,1965,102.38,5.67,361095.47
2024-03-24,Factory_C,Cotton_Yarn,Coimbatore,1556,2,1687,194.92,3186,83.76,7.65,304982.52
2024-03-24,Factory_A,Polyester_Yarn,Coimbatore,994,12,5131,218.77,4664,110.24,6.83,222588.38
2024-03-24,Factory_A,Dye_Chemicals,Tiruppur,1392,3,1190,299.41,2263,114.74,4.4,417968.72
2024-03-24,Factory_E,Dye_Chemicals,Erode,1604,7,2577,246.28,3239,80.22,6.91,397610.12
2024-03-31,Retailer_Y,Knitting_Machine,Coimbatore,1477,2,4197,393.84,3370,113.69,5.05,585898.68
2024-03-31,Retailer_X,Cotton_Yarn,Karur,815,3,2045,273.37,1097,85.95,5.63,224841.55
2024-03-31,Factory_B,Dye_Chemicals,Coimbatore,789,7,3630,293.83,4149,107.81,4.13,235461.87
2024-03-31,Factory_B,Dye_Chemicals,Coimbatore,931,10,2894,493.87,3152,119.35,4.79,462686.97
2024-03-31,Retailer_X,Fabric_Roll,Coimbatore,779,3,4560,198.81,2260,115.83,4.25,159432.99
2024-03-31,Factory_A,Knitting_Machine,Tiruppur,633,8,7726,373.06,1283,93.61,7.62,243872.98
2024-03-31,Retailer_Y,Knitting_Machine,Erode,387,7,5582,152.48,3877,87.37,5.54,64591.76
2024-03-31,Factory_C,Dye_Chemicals,Tiruppur,767,3,9802,297.46,4102,90.87,7.47,237953.82
2024-03-31,Retailer_Y,Polyester_Yarn,Tiruppur,314,8,1920,365.82,1061,90.64,4.21,116787.48
2024-03-31,Retailer_Y,Dye_Chemicals,Coimbatore,1247,5,9362,347.61,3434,108.8,5.25,442831.67
2024-04-07,Factory_A,Polyester_Yarn,Tiruppur,709,7,3181,345.19,4845,98.87,5.61,247920.71
2024-04-07,Factory_D,Polyester_Yarn,Salem,124,8,6806,437.44,4164,107.74,7.59,61048.56
2024-04-07,Factory_C,Dye_Chemicals,Tiruppur,399,10,7681,371.61,1364,111.16,6.6,155953.39
2024-04-14,Retailer_X,Polyester_Yarn,Coimbatore,558,8,3883,221.49,4609,80.58,6.95,127474.42
2024-04-14,Factory_B,Cotton_Yarn,Karur,1901,14,6476,293.76,2926,107.54,4.07,564913.76
2024-04-14,Retailer_X,Cotton_Yarn,Erode,474,4,6253,437.93,3029,91.91,6.77,213831.82
2024-04-14,Factory_A,Dye_Chemicals,Erode,1434,11,6521,234.58,2073,100.36,4.65,342908.72
2024-04-14,Factory_A,Dye_Chemicals,Salem,1980,5,6296,271.44,4122,97.61,7.21,543747.2
2024-04-21,Factory_D,Dye_Chemicals,Tiruppur,1565,10,9274,388.93,2675,81.56,5.58,617949.45
2024-04-21,Retailer_X,Fabric_Roll,Karur,1573,5,5213,368.23,4362,104.68,7.11,584438.79
2024-04-21,Factory_C,Knitting_Machine,Erode,1802,12,6599,258.39,3430,80.38,4.24,472217.78
2024-04-21,Retailer_X,Knitting_Machine,Erode,1745,6,6529,254.8,3824,117.18,7.62,451155.0
2024-04-28,Retailer_X,Cotton_Yarn,Karur,1927,5,5427,397.31,3368,100.43,7.3,771043.37
2024-04-28,Factory_E,Polyester_Yarn,Erode,1917,5,9181,474.99,2988,113.32,6.45,919736.83
2024-04-28,Factory_C,Polyester_Yarn,Coimbatore,1693,9,5086,328.88,3402,109.79,5.28,561879.84
2024-04-28,Retailer_X,Knitting_Machine,Salem,737,6,8297,335.05,3248,100.18,5.43,255228.85
2024-04-28,Factory_B,Polyester_Yarn,Salem,696,11,1790,453.7,2409,87.33,7.88,317565.2
2024-04-28,Factory_A,Dye_Chemicals,Salem,1992,8,7391,481.0,4171,114.01,6.41,965543.0
2024-04-28,Retailer_Y,Polyester_Yarn,Erode,631,10,6365,326.13,3727,80.62,4.62,212153.03
2024-05-05,Factory_A,Knitting_Machine,Erode,1801,13,1143,487.96,4287,102.27,6.81,879958.96
2024-05-05,Retailer_X,Fabric_Roll,Tiruppur,1891,6,4504,371.04,4705,117.31,5.4,706140.64
2024-05-05,Factory_C,Polyester_Yarn,Erode,771,2,6730,322.2,2313,113.65,4.27,255146.2
2024-05-05,Factory_C,Knitting_Machine,Karur,1715,2,8269,165.8,1624,113.99,4.14,292616.0
2024-05-05,Retailer_X,Fabric_Roll,Salem,284,6,7449,195.45,1013,99.69,4.61,62956.8
2024-05-05,Retailer_Y,Knitting_Machine,Tiruppur,1535,8,9864,413.0,1345,105.35,7.75,643819.0
2024-05-12,Factory_B,Cotton_Yarn,Coimbatore,599,13,2802,261.31,3055,89.45,6.94,159326.69
2024-05-12,Retailer_X,Dye_Chemicals,Karur,813,8,7060,386.91,3870,110.83,6.56,321617.83
2024-05-12,Factory_B,Fabric_Roll,Salem,1196,5,2312,279.84,1188,99.2,6.67,337000.64
2024-05-12,Factory_E,Cotton_Yarn,Salem,1001,6,8604,232.81,1947,96.55,7.52,241646.81
2024-05-12,Factory_D,Knitting_Machine,Coimbatore,1706,4,8345,221.68,2041,88.86,5.32,386531.08
2024-05-12,Retailer_Y,Dye_Chemicals,Coimbatore,756,2,9226,494.3,4919,104.97,4.08,382916.8
2024-05-19,Factory_A,Fabric_Roll,Salem,1651,4,4340,433.74,2069,101.95,7.71,720444.74
2024-05-19,Factory_D,Dye_Chemicals,Karur,482,13,3905,179.47,4367,88.14,5.29,90409.54
2024-05-26,Retailer_X,Knitting_Machine,Tiruppur,329,5,1666,206.88,3312,112.26,5.7,69729.52
2024-05-26,Factory_C,Dye_Chemicals,Erode,1853,13,4462,281.36,523,112.32,5.76,525822.08
2024-05-26,Retailer_Y,Fabric_Roll,Erode,246,4,6586,189.34,856,101.09,5.07,53163.64
2024-05-26,Retailer_Y,Knitting_Machine,Karur,841,9,7040,452.2,1342,97.83,7.26,387340.2
2024-05-26,Factory_D,Polyester_Yarn,Salem,997,6,6718,258.31,4798,96.48,8.0,264253.07
2024-05-26,Factory_E,Knitting_Machine,Erode,857,7,7326,369.12,1186,85.94,5.68,323661.84
2024-05-26,Retailer_Y,Dye_Chemicals,Tiruppur,421,11,2464,285.79,1664,98.4,7.44,122781.59
2024-06-02,Factory_D,Dye_Chemicals,Erode,306,9,1277,310.85,3683,109.97,4.9,96397.1
2024-06-02,Factory_E,Cotton_Yarn,Salem,667,12,7671,228.53,1279,111.43,4.84,160100.51
2024-06-02,Factory_E,Knitting_Machine,Tiruppur,1908,12,5321,286.22,1211,87.03,4.82,551428.76
2024-06-02,Retailer_X,Fabric_Roll,Tiruppur,1787,2,2167,241.02,2310,108.12,4.12,432869.74
2024-06-02,Factory_D,Polyester_Yarn,Salem,1037,14,9313,235.27,4485,103.08,5.87,253287.99
2024-06-09,Retailer_Y,Cotton_Yarn,Karur,513,6,3572,246.13,2024,96.9,6.43,129836.69
2024-06-09,Retailer_Y,Polyester_Yarn,Salem,685,9,9750,282.02,3194,81.32,5.79,202933.7
2024-06-09,Retailer_Y,Cotton_Yarn,Salem,1371,14,7103,457.21,1720,109.45,5.62,633937.91
2024-06-09,Retailer_Y,Dye_Chemicals,Tiruppur,1464,8,3296,388.45,4958,99.2,7.03,571986.8
2024-06-09,Factory_A,Dye_Chemicals,Coimbatore,1464,3,5270,197.05,4393,84.04,7.64,293751.2
2024-06-09,Factory_D,Polyester_Yarn,Tiruppur,1046,6,1421,318.2,1887,80.2,4.53,334258.2
2024-06-09,Factory_E,Dye_Chemicals,Salem,512,12,2184,353.72,1805,83.3,5.35,183288.64
2024-06-09,Retailer_Y,Dye_Chemicals,Coimbatore,118,2,2912,457.94,4983,96.07,6.98,56948.92
2024-06-16,Factory_C,Knitting_Machine,Erode,869,11,9876,153.18,2393,96.35,7.61,142989.42
2024-06-16,Retailer_X,Polyester_Yarn,Tiruppur,1099,9,8531,171.68,2951,116.11,6.75,197207.32
2024-06-16,Factory_C,Fabric_Roll,Tiruppur,301,10,4590,338.43,871,102.24,6.57,106457.43
2024-06-16,Factory_D,Polyester_Yarn,Coimbatore,695,11,2478,316.01,1257,92.86,7.23,222104.95
2024-06-16,Factory_A,Cotton_Yarn,Tiruppur,1562,11,5399,213.23,3553,81.52,4.92,338464.26
2024-06-16,Factory_C,Knitting_Machine,Karur,296,9,9572,464.74,3737,109.31,4.04,147135.04
2024-06-16,Factory_B,Fabric_Roll,Karur,1742,12,2375,401.3,4826,81.19,7.54,701439.6
2024-06-16,Factory_B,Polyester_Yarn,Salem,729,14,5657,269.84,4277,90.14,4.47,202370.36
2024-06-23,Factory_E,Cotton_Yarn,Salem,295,5,5248,271.74,3150,109.71,6.69,85411.3
2024-06-23,Factory_B,Fabric_Roll,Erode,476,11,2813,462.88,1759,90.19,5.32,223143.88
2024-06-23,Retailer_Y,Knitting_Machine,Tiruppur,317,7,9697,435.83,1538,98.54,7.1,147855.11
2024-06-23,Factory_B,Fabric_Roll,Salem,617,7,1390,440.35,1592,80.61,4.49,273085.95
2024-06-23,Factory_C,Dye_Chemicals,Salem,1466,11,1067,290.12,1377,96.45,5.41,426382.92
2024-06-23,Retailer_Y,Knitting_Machine,Tiruppur,398,5,7587,152.61,3465,85.34,5.13,68325.78
2024-06-23,Factory_E,Dye_Chemicals,Coimbatore,1152,12,2773,195.62,3423,111.4,5.09,228127.24
2024-06-23,Factory_B,Cotton_Yarn,Erode,1399,5,4672,309.39,940,86.5,5.15,437508.61
2024-06-23,Factory_C,Dye_Chemicals,Tiruppur,282,5,2268,331.76,3550,108.88,4.38,95824.32
2024-06-23,Factory_C,Cotton_Yarn,Tiruppur,366,13,2133,283.99,1566,115.31,7.24,106073.34
2024-06-23,Factory_A,Fabric_Roll,Salem,506,11,6060,475.56,1441,110.51,5.91,246693.36
2024-06-30,Factory_D,Cotton_Yarn,Karur,618,8,1298,489.53,4013,114.18,4.55,303827.54
2024-06-30,Factory_C,Knitting_Machine,Tiruppur,1915,10,3547,221.24,4031,111.81,5.89,427221.6
2024-06-30,Factory_C,Dye_Chemicals,Tiruppur,1632,14,5327,363.63,2728,97.27,5.06,598771.16
2024-06-30,Factory_C,Fabric_Roll,Salem,1958,3,8211,359.23,2504,118.78,6.51,711583.34
2024-06-30,Factory_C,Cotton_Yarn,Coimbatore,1906,12,8697,345.91,2763,112.06,5.6,668001.46
2024-06-30,Factory_C,Fabric_Roll,Salem,937,6,8776,169.82,1056,85.07,4.02,167897.34
2024-06-30,Factory_C,Cotton_Yarn,Tiruppur,1264,8,7638,366.02,4764,110.2,7.08,470287.28
2024-07-07,Factory_D,Polyester_Yarn,Tiruppur,614,12,8162,184.7,1789,91.47,5.74,121567.8
2024-07-07,Factory_D,Knitting_Machine,Tiruppur,1135,11,2907,363.63,3407,95.49,5.62,415627.05
2024-07-07,Factory_B,Dye_Chemicals,Tiruppur,1630,4,4153,415.64,2129,95.7,5.17,681646.2
2024-07-07,Factory_B,Knitting_Machine,Coimbatore,1627,12,9617,242.99,1709,99.57,7.22,404961.73
2024-07-07,Factory_B,Cotton_Yarn,Coimbatore,773,6,2390,186.51,2592,107.52,7.82,146562.23
2024-07-07,Factory_E,Polyester_Yarn,Coimbatore,963,14,8891,345.36,2473,95.31,7.99,341472.68
2024-07-07,Factory_B,Knitting_Machine,Coimbatore,1638,6,7998,217.21,3798,86.89,7.89,363787.98
2024-07-07,Factory_B,Dye_Chemicals,Coimbatore,1171,12,1918,186.22,1248,88.88,7.1,219981.62
2024-07-14,Factory_C,Knitting_Machine,Coimbatore,673,9,1215,224.1,3890,93.98,6.74,152034.3
2024-07-14,Factory_C,Knitting_Machine,Coimbatore,549,14,2174,397.67,1627,103.57,6.99,220494.83
2024-07-14,Retailer_Y,Fabric_Roll,Tiruppur,438,4,5797,215.31,4396,99.75,5.81,100102.78
2024-07-14,Factory_B,Cotton_Yarn,Salem,831,13,8440,369.92,2199,113.23,6.94,315843.52
2024-07-14,Factory_B,Dye_Chemicals,Coimbatore,1334,6,3521,195.61,4505,116.58,7.52,264464.74
2024-07-14,Factory_D,Polyester_Yarn,Karur,1235,2,9429,383.08,2963,119.38,5.81,482532.8
2024-07-14,Factory_D,Fabric_Roll,Tiruppur,927,7,3565,428.74,3121,103.27,6.97,401006.98
2024-07-21,Factory_C,Knitting_Machine,Salem,954,4,9834,421.89,1468,119.63,5.13,412317.06
2024-07-21,Retailer_X,Cotton_Yarn,Erode,1192,4,8833,177.9,3010,116.1,7.21,220889.8
2024-07-21,Factory_B,Cotton_Yarn,Salem,992,4,2465,416.83,3087,114.98,5.13,415960.36
2024-07-21,Factory_A,Polyester_Yarn,Coimbatore,674,12,3728,276.43,3011,111.83,6.99,190041.82
2024-07-21,Factory_C,Cotton_Yarn,Salem,1575,12,8774,476.5,3278,92.23,4.19,759261.5
2024-07-21,Factory_C,Cotton_Yarn,Salem,292,3,7230,251.2,3675,100.49,7.68,80580.4
2024-07-21,Factory_A,Fabric_Roll,Tiruppur,118,4,3220,373.69,3230,81.41,6.68,47315.42
2024-07-21,Factory_A,Cotton_Yarn,Karur,350,5,9881,193.84,3884,109.02,4.44,77725.0
2024-07-28,Factory_A,Cotton_Yarn,Salem,1442,5,8209,278.34,3685,111.34,5.14,409575.28
2024-07-28,Factory_B,Dye_Chemicals,Karur,361,10,1609,404.67,4741,101.25,5.89,147694.87
2024-07-28,Factory_A,Polyester_Yarn,Coimbatore,1170,9,3936,291.74,1804,115.0,7.72,345271.8
2024-07-28,Factory_A,Polyester_Yarn,Erode,1016,13,5675,342.4,1530,87.9,6.46,353553.4
2024-07-28,Factory_C,Fabric_Roll,Salem,1212,5,9844,297.6,3490,94.14,4.07,370535.2
2024-07-28,Factory_E,Fabric_Roll,Tiruppur,1745,12,8216,365.07,3703,100.26,6.09,645263.15
2024-08-04,Factory_C,Dye_Chemicals,Coimbatore,1130,14,7380,333.86,2776,93.45,4.09,384641.8
2024-08-04,Factory_E,Cotton_Yarn,Salem,659,2,6540,174.06,3683,116.71,5.24,121245.54
2024-08-04,Factory_E,Cotton_Yarn,Coimbatore,758,8,5085,441.96,2503,103.08,5.04,340090.68
2024-08-04,Retailer_X,Knitting_Machine,Erode,1798,7,4644,316.09,1860,93.07,6.02,572973.82
2024-08-04,Factory_A,Polyester_Yarn,Tiruppur,598,5,2605,302.26,1567,93.31,4.27,183356.48
2024-08-04,Retailer_X,Polyester_Yarn,Salem,624,14,8371,351.88,1589,114.02,6.42,227944.12
2024-08-04,Factory_D,Knitting_Machine,Salem,987,9,4192,165.7,2439,101.13,7.12,167737.9
2024-08-11,Factory_B,Dye_Chemicals,Coimbatore,1114,9,7578,309.48,4449,96.18,6.51,352338.72
2024-08-11,Factory_B,Fabric_Roll,Tiruppur,311,8,2231,474.42,4051,110.3,6.78,149775.62
2024-08-11,Factory_E,Polyester_Yarn,Tiruppur,1345,3,4122,417.8,2652,97.43,7.17,566063.0
2024-08-11,Factory_D,Dye_Chemicals,Salem,1822,5,5212,369.38,2711,83.24,4.45,678222.36
2024-08-11,Retailer_Y,Polyester_Yarn,Karur,1310,13,7683,326.58,3350,93.03,5.99,435502.8
2024-08-11,Factory_E,Fabric_Roll,Tiruppur,1817,13,4569,255.34,1936,114.54,7.4,468521.78
2024-08-11,Retailer_X,Cotton_Yarn,Karur,986,14,2590,174.52,4763,103.3,5.17,174666.72
2024-08-11,Factory_E,Polyester_Yarn,Salem,1537,8,3795,376.24,4129,86.02,7.4,582075.88
2024-08-18,Factory_A,Dye_Chemicals,Salem,643,7,9236,260.92,2125,93.99,4.11,177007.56
2024-08-18,Retailer_X,Cotton_Yarn,Tiruppur,1252,11,3580,321.86,2236,93.96,6.79,406548.72
2024-08-18,Retailer_X,Knitting_Machine,Coimbatore,1695,11,8450,325.22,1494,93.68,4.32,559697.9
2024-08-18,Factory_D,Dye_Chemicals,Salem,757,12,6325,358.62,2273,113.67,4.03,277800.34
2024-08-18,Retailer_Y,Polyester_Yarn,Karur,126,10,8366,355.31,2146,103.19,5.7,53135.06
2024-08-25,Factory_A,Fabric_Roll,Tiruppur,1854,9,9921,395.28,3396,80.54,4.52,742770.12
2024-08-25,Retailer_Y,Polyester_Yarn,Salem,1381,5,1283,485.91,3747,87.19,4.61,672324.71
2024-08-25,Factory_A,Polyester_Yarn,Salem,1955,13,4144,162.76,4175,84.5,4.94,322339.8
2024-09-01,Factory_D,Polyester_Yarn,Karur,1722,12,5616,167.91,2768,100.07,5.3,294757.02
2024-09-01,Factory_B,Polyester_Yarn,Tiruppur,744,13,1901,181.0,1167,97.67,7.94,136565.0
2024-09-01,Factory_E,Knitting_Machine,Erode,1549,6,1787,363.39,3303,100.59,7.45,564678.11
2024-09-01,Factory_C,Knitting_Machine,Karur,1042,10,6818,375.8,2229,96.38,5.82,398401.6
2024-09-01,Factory_A,Polyester_Yarn,Karur,465,3,8099,182.75,2749,87.1,6.8,93077.75
2024-09-01,Factory_B,Dye_Chemicals,Tiruppur,466,8,9448,274.18,820,119.85,5.54,137215.88
2024-09-01,Factory_A,Polyester_Yarn,Salem,952,2,5539,241.3,3392,112.68,5.9,235256.6
2024-09-08,Retailer_X,Fabric_Roll,Salem,628,2,5938,400.36,3456,80.32,4.62,257364.08
2024-09-08,Factory_E,Dye_Chemicals,Tiruppur,1013,10,5243,438.9,3685,95.7,7.37,449848.7
2024-09-08,Factory_B,Polyester_Yarn,Tiruppur,524,8,7008,495.58,709,109.27,6.82,266691.92
2024-09-08,Factory_E,Cotton_Yarn,Coimbatore,1250,7,8088,176.35,3861,102.17,7.13,228525.5
2024-09-08,Factory_E,Polyester_Yarn,Karur,820,11,7701,155.94,2691,91.6,4.96,135571.8
2024-09-08,Factory_D,Polyester_Yarn,Salem,902,6,7487,196.82,3690,104.31,5.36,185018.64
2024-09-08,Retailer_X,Cotton_Yarn,Tiruppur,388,10,9979,352.07,3561,105.04,5.27,146582.16
2024-09-15,Retailer_Y,Knitting_Machine,Tiruppur,550,6,5232,395.3,4430,107.76,6.43,222647.0
2024-09-15,Factory_E,Knitting_Machine,Tiruppur,432,9,7468,396.15,727,98.36,7.26,178604.8
2024-09-15,Retailer_Y,Cotton_Yarn,Tiruppur,920,11,4956,488.35,1985,116.46,6.27,454238.0
2024-09-15,Factory_A,Cotton_Yarn,Erode,1890,14,5151,224.03,3191,82.19,6.49,428567.7
2024-09-15,Retailer_X,Knitting_Machine,Erode,1739,8,1571,474.71,661,83.2,7.07,827091.69
2024-09-15,Factory_D,Knitting_Machine,Erode,1043,4,3226,328.66,2211,96.81,7.5,346018.38
2024-09-22,Factory_E,Polyester_Yarn,Salem,173,11,6599,355.03,3891,87.46,4.63,68019.19
2024-09-22,Retailer_X,Polyester_Yarn,Salem,395,9,5206,260.76,4830,116.1,7.92,108206.2
2024-09-22,Retailer_Y,Polyester_Yarn,Karur,304,7,8090,376.21,4906,107.08,6.92,122457.84
2024-09-22,Factory_A,Knitting_Machine,Karur,464,7,5136,223.77,1685,85.14,6.83,108965.28
2024-09-22,Retailer_Y,Cotton_Yarn,Karur,1688,8,9105,237.41,2482,113.44,7.28,409853.08
2024-09-29,Retailer_X,Cotton_Yarn,Karur,1024,11,5922,303.7,2772,92.82,4.82,316910.8
2024-09-29,Factory_B,Dye_Chemicals,Coimbatore,1812,13,2283,417.86,3102,80.78,6.86,759445.32
2024-09-29,Retailer_Y,Dye_Chemicals,Tiruppur,119,14,8370,362.87,2393,92.38,5.28,51551.53
2024-09-29,Factory_C,Knitting_Machine,Karur,1605,7,1294,238.31,522,107.04,4.42,383781.55
2024-09-29,Retailer_Y,Polyester_Yarn,Erode,594,4,4339,326.45,3335,91.32,6.68,198250.3
2024-09-29,Factory_E,Dye_Chemicals,Salem,871,11,6585,305.2,1616,117.11,7.61,272414.2
2024-09-29,Factory_C,Cotton_Yarn,Coimbatore,1785,10,4296,488.36,2780,82.02,4.9,876018.6
2024-09-29,Factory_E,Fabric_Roll,Salem,556,7,6214,461.15,632,94.51,5.11,262613.4
2024-09-29,Factory_D,Knitting_Machine,Karur,398,14,6560,303.85,4222,110.41,5.87,127492.3
2024-09-29,Factory_B,Cotton_Yarn,Karur,593,5,5534,330.31,2742,107.82,5.81,201407.83
2024-10-06,Factory_E,Cotton_Yarn,Karur,1876,13,4158,388.88,4414,85.61,6.09,733696.88
2024-10-06,Factory_D,Fabric_Roll,Salem,1441,9,3560,479.47,2491,98.0,4.61,694476.27
2024-10-06,Factory_E,Polyester_Yarn,Erode,495,8,3155,438.05,1731,108.85,5.58,219989.75
2024-10-06,Factory_A,Fabric_Roll,Erode,1119,8,8099,392.08,4356,94.23,7.99,446836.52
2024-10-06,Factory_E,Knitting_Machine,Salem,238,8,9543,156.12,692,109.93,5.05,46699.56
2024-10-06,Factory_B,Cotton_Yarn,Tiruppur,761,13,1798,375.37,1466,107.59,7.23,287454.57
2024-10-06,Factory_C,Dye_Chemicals,Coimbatore,1038,3,1786,488.04,1416,112.03,5.97,508371.52
2024-10-06,Retailer_Y,Polyester_Yarn,Tiruppur,1742,10,4197,284.58,4759,92.9,7.16,499935.36
2024-10-06,Retailer_Y,Dye_Chemicals,Erode,942,12,2706,469.12,2559,113.29,5.95,444617.04
2024-10-06,Factory_D,Knitting_Machine,Salem,924,12,3550,186.98,1216,115.0,7.27,176319.52
2024-10-06,Factory_E,Knitting_Machine,Salem,990,10,7748,296.01,2265,119.36,6.76,300797.9
2024-10-13,Factory_C,Cotton_Yarn,Tiruppur,857,4,8037,491.05,4247,113.34,4.97,428866.85
2024-10-13,Retailer_Y,Knitting_Machine,Karur,357,3,1404,401.04,3674,103.36,4.12,144575.28
2024-10-13,Factory_A,Knitting_Machine,Karur,745,9,3244,421.56,2158,109.56,4.26,317306.2
2024-10-13,Factory_E,Knitting_Machine,Coimbatore,587,11,3778,162.85,1095,91.61,7.62,99370.95
2024-10-13,Factory_A,Fabric_Roll,Karur,1248,8,5654,227.16,1282,100.01,4.74,289149.68
2024-10-13,Factory_A,Dye_Chemicals,Karur,1492,9,3706,468.35,1686,106.85,7.84,702484.2
2024-10-13,Factory_D,Polyester_Yarn,Coimbatore,731,4,8437,456.99,3868,104.14,5.33,342496.69
2024-10-20,Factory_B,Polyester_Yarn,Tiruppur,116,13,2192,469.63,1674,96.16,5.31,56669.08
2024-10-20,Factory_A,Dye_Chemicals,Karur,922,12,8257,262.26,4539,118.65,4.83,250060.72
2024-10-20,Factory_D,Knitting_Machine,Salem,1468,3,6930,248.97,2357,102.84,7.72,372417.96
2024-10-20,Factory_B,Fabric_Roll,Salem,307,14,6663,494.03,1922,90.31,5.45,158330.21
2024-10-20,Factory_E,Cotton_Yarn,Coimbatore,1552,3,8942,255.56,4539,115.48,4.03,405571.12
2024-10-20,Factory_C,Fabric_Roll,Karur,1196,4,9671,266.46,1564,92.74,7.48,328357.16
2024-10-20,Retailer_Y,Knitting_Machine,Tiruppur,901,14,7533,459.52,3547,106.56,5.71,421560.52
2024-10-20,Factory_B,Dye_Chemicals,Erode,489,2,3938,209.66,1969,86.76,5.56,106461.74
2024-10-20,Factory_C,Polyester_Yarn,Tiruppur,186,11,7222,470.28,1609,84.23,5.8,94694.08
2024-10-20,Factory_A,Polyester_Yarn,Karur,1622,6,7040,403.86,3700,110.42,7.94,662100.92
2024-10-27,Retailer_X,Knitting_Machine,Tiruppur,1257,2,3645,382.66,2430,108.96,6.74,484648.62
2024-10-27,Factory_A,Knitting_Machine,Erode,1505,9,6731,240.12,1371,82.2,4.01,368111.6
2024-10-27,Retailer_X,Dye_Chemicals,Coimbatore,197,7,9947,285.53,3583,114.98,6.13,66196.41
2024-10-27,Factory_B,Dye_Chemicals,Coimbatore,1974,12,3941,438.94,2822,116.51,6.61,870408.56
2024-10-27,Retailer_X,Knitting_Machine,Erode,1637,7,6275,374.97,906,96.27,7.11,620100.89
2024-10-27,Factory_B,Dye_Chemicals,Karur,761,8,3306,452.04,2501,110.56,7.16,347308.44
2024-11-03,Factory_E,Dye_Chemicals,Erode,1844,11,3410,298.03,801,87.04,5.99,552977.32
2024-11-03,Factory_C,Polyester_Yarn,Salem,1868,11,7947,341.27,2871,115.35,5.44,645439.36
2024-11-03,Factory_B,Polyester_Yarn,Tiruppur,548,12,7358,475.74,3709,118.23,5.04,268063.52
2024-11-10,Factory_E,Cotton_Yarn,Coimbatore,1022,5,4918,245.1,3701,103.19,7.95,255410.2
2024-11-10,Retailer_Y,Dye_Chemicals,Erode,1219,7,9386,450.28,2469,101.18,5.66,558277.32
2024-11-10,Factory_E,Knitting_Machine,Karur,437,3,8876,481.93,4435,118.94,7.22,219479.41
2024-11-10,Factory_C,Knitting_Machine,Tiruppur,600,14,3708,470.86,4041,111.52,4.11,286224.0
2024-11-17,Factory_D,Polyester_Yarn,Tiruppur,1274,3,6162,266.35,4282,94.11,5.79,345491.9
2024-11-17,Factory_B,Knitting_Machine,Salem,1249,10,5837,341.24,3414,93.84,4.25,432045.76
2024-11-17,Retailer_X,Fabric_Roll,Salem,1217,14,3131,364.59,2390,100.5,7.66,446837.03
2024-11-17,Factory_B,Polyester_Yarn,Tiruppur,787,5,7257,156.99,2940,109.08,4.48,130808.13
2024-11-17,Factory_E,Dye_Chemicals,Erode,1495,13,5471,213.62,2043,104.76,6.25,324832.9
2024-11-17,Retailer_X,Fabric_Roll,Erode,1054,3,3757,456.16,4683,88.52,6.21,484549.64
2024-11-17,Factory_A,Dye_Chemicals,Erode,318,12,9111,226.57,3397,99.28,5.49,81160.26
2024-11-17,Factory_C,Dye_Chemicals,Tiruppur,959,2,3062,316.94,4778,98.85,6.09,307007.46
2024-11-17,Retailer_X,Polyester_Yarn,Salem,181,6,7054,366.4,2708,109.94,6.38,73372.4
2024-11-17,Factory_A,Knitting_Machine,Erode,1004,4,4020,252.29,2910,105.22,5.18,257319.16
2024-11-17,Factory_B,Dye_Chemicals,Karur,1485,3,2514,390.53,3235,102.27,5.75,582451.05
2024-11-24,Factory_E,Knitting_Machine,Karur,116,7,4968,310.77,534,116.06,6.55,41017.32
2024-11-24,Factory_B,Knitting_Machine,Erode,1842,5,9210,296.77,2663,88.48,4.5,555860.34
2024-11-24,Factory_D,Polyester_Yarn,Karur,172,2,8928,326.62,4293,86.34,5.93,65106.64
2024-11-24,Factory_E,Knitting_Machine,Erode,1987,12,3068,327.07,4383,85.13,7.52,652956.09
2024-11-24,Retailer_Y,Knitting_Machine,Karur,203,9,3776,262.72,2281,84.62,7.93,57108.16
2024-11-24,Retailer_Y,Dye_Chemicals,Karur,1603,5,4140,437.3,4935,85.66,7.16,705131.9
2024-11-24,Factory_D,Fabric_Roll,Karur,1300,12,7191,275.89,4509,111.09,4.39,365848.0
2024-11-24,Factory_B,Fabric_Roll,Karur,1024,5,3597,362.56,1912,86.06,6.47,374858.44
2024-11-24,Retailer_Y,Fabric_Roll,Salem,314,4,9504,315.96,3845,86.15,7.25,108715.44
2024-11-24,Factory_E,Polyester_Yarn,Karur,1234,6,4917,352.94,1722,90.6,6.27,440444.96
2024-11-24,Retailer_X,Dye_Chemicals,Karur,958,11,1343,232.85,3762,97.83,6.99,224413.3
2024-11-24,Factory_D,Knitting_Machine,Karur,303,5,4791,323.86,3263,90.59,5.66,102920.58
2024-12-01,Factory_C,Knitting_Machine,Erode,1284,2,6911,468.36,847,84.05,7.91,608285.24
2024-12-01,Factory_E,Knitting_Machine,Tiruppur,640,13,6818,454.39,2366,115.11,4.55,297627.6
2024-12-01,Factory_C,Dye_Chemicals,Salem,1412,2,4793,189.38,2850,100.82,4.77,272197.56
2024-12-01,Factory_B,Polyester_Yarn,Karur,1182,11,1904,325.68,1877,99.67,6.72,386857.76
2024-12-01,Retailer_Y,Polyester_Yarn,Salem,672,8,2716,188.32,2116,90.77,7.06,129267.04
2024-12-01,Factory_A,Dye_Chemicals,Karur,250,6,2689,199.99,2277,98.62,6.76,52686.5
2024-12-08,Retailer_Y,Polyester_Yarn,Karur,1974,4,4966,364.97,2563,105.65,7.66,725416.78
2024-12-08,Factory_B,Knitting_Machine,Erode,1937,6,4081,460.31,880,85.78,4.26,895701.47
2024-12-08,Factory_C,Fabric_Roll,Coimbatore,617,7,3644,222.06,3479,113.44,5.56,140655.02
2024-12-08,Factory_A,Cotton_Yarn,Coimbatore,627,11,2301,300.55,3153,84.18,7.79,190745.85
2024-12-08,Retailer_Y,Dye_Chemicals,Karur,1658,7,8192,224.74,2031,87.54,5.71,380810.92
2024-12-08,Retailer_Y,Polyester_Yarn,Salem,162,14,4534,235.4,956,106.36,4.72,42668.8
2024-12-08,Factory_B,Cotton_Yarn,Erode,1565,9,9926,195.28,2901,91.53,5.28,315539.2
2024-12-15,Retailer_X,Dye_Chemicals,Karur,879,12,8055,233.65,2277,106.13,5.26,213433.35
2024-12-15,Factory_C,Dye_Chemicals,Salem,142,9,4496,460.6,2388,85.8,5.34,69901.2
2024-12-15,Retailer_X,Cotton_Yarn,Salem,1207,10,9982,386.74,4219,98.17,7.5,476777.18
2024-12-15,Factory_E,Polyester_Yarn,Salem,292,12,5267,274.35,1978,114.15,6.71,85377.2
2024-12-15,Factory_C,Dye_Chemicals,Coimbatore,1388,9,7103,273.92,3996,91.83,5.32,387303.96
2024-12-15,Factory_B,Polyester_Yarn,Karur,1324,10,5961,209.06,4916,97.77,5.24,282756.44
2024-12-15,Factory_A,Polyester_Yarn,Tiruppur,1548,6,3506,481.5,4242,89.46,5.2,748868.0
2024-12-15,Factory_C,Knitting_Machine,Erode,1438,4,9052,286.29,4029,98.38,6.48,420737.02
2024-12-22,Factory_E,Dye_Chemicals,Salem,170,12,3716,169.29,4023,102.3,7.81,32495.3
2024-12-29,Factory_D,Fabric_Roll,Tiruppur,1198,14,1723,258.12,3389,88.3,5.24,310950.76
2024-12-29,Retailer_Y,Knitting_Machine,Tiruppur,1092,9,6968,300.2,3350,95.0,4.98,334786.4
2024-12-29,Factory_D,Dye_Chemicals,Karur,1832,12,6427,236.9,1481,104.6,4.35,440427.8
2024-12-29,Factory_E,Knitting_Machine,Karur,1872,10,2462,430.05,4761,85.71,6.3,807515.6
2024-12-29,Factory_D,Fabric_Roll,Salem,1845,11,5633,365.7,3847,81.43,4.03,680349.5
2024-12-29,Factory_C,Dye_Chemicals,Karur,1000,13,4701,406.41,1301,94.5,5.18,411111.0
2024-12-29,Factory_A,Cotton_Yarn,Salem,1697,4,4624,381.78,4242,101.77,7.13,652504.66
